prompt,graph_id,n_nodes,n_edges,density,mean_in_degree,std_in_degree,max_in_degree,mean_out_degree,std_out_degree,max_out_degree,degree_assortativity,avg_clustering,transitivity,n_simple_cycles_sampled,cycle_density,avg_shortest_path,diameter,n_weakly_connected_components,largest_wcc_fraction,modularity,n_communities,spectral_gap,algebraic_connectivity,spectral_radius,n_layers,cross_layer_edge_ratio,backward_edge_ratio,layer_entropy,dag_depth,tree_likeness,mean_activation,std_activation,mean_edge_weight,std_edge_weight,weight_entropy,interpretability_label
[synthetic-clean-tree],graph_0000,104,103,0.009615384615384616,0.9903846153846154,1.496760555253683,4,0.9903846153846154,0.09758549581819442,1,0.0,0.0,0.0,0,0.0,5.777445855115758,8,1,1.0,0.795747040051737,10,0.0,0.0,0.0,5,0.0,1.0,0.9071252805999023,3.2062856475708763,1.0,0.139772846345315,0.1029815750379373,0.6467611380741869,0.22792550816803603,4.5710520273156146,1.0
[synthetic-clean-tree],graph_0001,76,75,0.013157894736842105,0.9868421052631579,1.400126132030814,4,0.9868421052631579,0.11395071102426826,1,0.0,0.0,0.0,0,0.0,5.609824561403509,8,1,1.0,0.7756097322814998,9,0.0,0.0,0.0,5,0.0,1.0,0.9772762683910694,3.3265957594109508,1.0,0.15571091842217086,0.13071183650116439,0.6460967628001246,0.21624387058265804,4.258927508916735,1.0
[synthetic-clean-tree],graph_0002,86,85,0.011627906976744186,0.9883720930232558,1.505757833200431,4,0.9883720930232558,0.10720400531735916,1,0.0,0.0,0.0,0,0.0,5.665389876880985,8,1,1.0,0.788173816130451,11,0.0,0.0,0.0,5,0.0,1.0,0.9242672214239389,3.294978140390316,1.0,0.1521564771872544,0.12371276802393182,0.6382167532254974,0.19945267362458693,4.391920819941519,1.0
[synthetic-clean-tree],graph_0003,156,155,0.00641025641025641,0.9935897435897436,1.4914147253436012,4,0.9935897435897436,0.07980704870505599,1,0.0,0.0,0.0,0,0.0,6.231596360628619,8,1,1.0,0.8383838832663063,12,0.0,0.0,0.0,5,0.0,1.0,0.9074346248128077,3.544763999161913,1.0,0.14446932243986815,0.10511488297559103,0.6566318349721297,0.2128241338570693,4.98777850395163,1.0
[synthetic-clean-tree],graph_0004,124,123,0.008064516129032258,0.9919354838709677,1.4783162160198833,4,0.9919354838709677,0.08943981053555984,1,0.0,0.0,0.0,0,0.0,6.103199580382901,8,1,1.0,0.8162998790716796,11,0.0,0.0,0.0,5,0.0,1.0,0.9240206393465398,3.6000728025069124,1.0,0.12861051905031406,0.1067383296731443,0.6703268889216654,0.21745252414824634,4.756721967702513,1.0
[synthetic-clean-tree],graph_0005,173,172,0.005780346820809248,0.9942196531791907,1.4995070859737305,4,0.9942196531791907,0.07580853785320231,1,0.0,0.0,0.0,0,0.0,6.3741094233095845,8,1,1.0,0.8589237306391593,12,0.0,0.0,0.0,5,0.0,1.0,0.9152286722701832,3.2305517734322815,1.0,0.14487446651118022,0.09797518960250459,0.628845951602226,0.2002292819888013,5.095279484438157,1.0
[synthetic-clean-tree],graph_0006,190,189,0.005263157894736842,0.9947368421052631,1.4743325641439553,4,0.9947368421052631,0.07235645834140797,1,0.0,0.0,0.0,0,0.0,6.360623781676413,8,1,1.0,0.8591606577970045,14,0.0,0.0,0.0,5,0.0,1.0,0.9145855854781504,3.511205699849403,1.0,0.14099157216402106,0.09443808820503691,0.6290645380601919,0.20166725426224685,5.189769690201881,1.0
[synthetic-clean-tree],graph_0007,94,93,0.010638297872340425,0.9893617021276596,1.4695105629778529,4,0.9893617021276596,0.10259202937226548,1,0.0,0.0,0.0,0,0.0,6.112331274307938,8,1,1.0,0.7638494843842402,11,0.0,0.0,0.0,5,0.0,1.0,0.9900247577819581,3.418496015572246,1.0,0.15813700518680512,0.11001333668682542,0.61541073908726,0.19663022291958537,4.482606364135723,1.0
[synthetic-clean-tree],graph_0008,102,101,0.00980392156862745,0.9901960784313726,1.4518081899399717,4,0.9901960784313726,0.09852819236393033,1,0.0,0.0,0.0,0,0.0,6.052611143467288,8,1,1.0,0.7955771861966696,11,0.0,0.0,0.0,5,0.0,1.0,0.9701865624400752,3.411103294209748,1.0,0.14261866327589848,0.11704177234340174,0.6567494623374842,0.19407992413778735,4.569365710493955,1.0
[synthetic-clean-tree],graph_0009,153,152,0.006535947712418301,0.9934640522875817,1.5571749685551364,4,0.9934640522875817,0.08058057520220885,1,0.0,0.0,0.0,0,0.0,6.23546611627107,8,1,1.0,0.8393864544843693,10,0.0,0.0,0.0,5,0.0,1.0,0.8733726836361103,3.3130790651156516,1.0,0.1410909518774021,0.10405118609482511,0.6620168214439529,0.20742817080904744,4.972417813798296,1.0
[synthetic-clean-tree],graph_0010,130,129,0.007692307692307693,0.9923076923076923,1.5114748469682686,4,0.9923076923076923,0.0873678207046196,1,0.0,0.0,0.0,0,0.0,6.1367918902802625,8,1,1.0,0.8259095704468016,10,0.0,0.0,0.0,5,0.0,1.0,0.9165417287637927,3.118456953425684,1.0,0.14840011674662273,0.12680763333733536,0.641609355789062,0.19645265575785253,4.8106687382650675,1.0
[synthetic-clean-tree],graph_0011,92,91,0.010869565217391304,0.9891304347826086,1.4632792626078155,4,0.9891304347826086,0.10368904363227666,1,0.0,0.0,0.0,0,0.0,5.7044911610129,8,1,1.0,0.7741440901087725,10,0.0,0.0,0.0,5,0.0,1.0,0.9380283340352258,3.2627904864003265,1.0,0.14919571358311973,0.12617371288038215,0.6231285086065124,0.21324099936870214,4.4521343946920195,1.0
[synthetic-clean-tree],graph_0012,122,121,0.00819672131147541,0.9918032786885246,1.512222886899078,4,0.9918032786885246,0.09016393442622954,1,0.0,0.0,0.0,0,0.0,6.142528112721854,8,1,1.0,0.79839157061159,10,0.0,0.0,0.0,5,0.0,1.0,0.9049822325227851,3.3879141978200034,1.0,0.143709150567829,0.1092900285626429,0.6442464764719683,0.20800086706484794,4.742347918621804,1.0
[synthetic-clean-tree],graph_0013,135,134,0.007407407407407408,0.9925925925925926,1.4529474324374614,4,0.9925925925925926,0.08574694002066834,1,0.0,0.0,0.0,0,0.0,6.14571586511885,8,1,1.0,0.8304026100292488,11,0.0,0.0,0.0,5,0.0,1.0,0.9377568141459377,3.591924888081754,1.0,0.14128429975679985,0.11937532962516705,0.6443337210735479,0.20179899782800173,4.84707622985824,1.0
[synthetic-clean-tree],graph_0014,64,63,0.015625,0.984375,1.3974551368022516,4,0.984375,0.12401959270615269,1,0.0,0.0,0.0,0,0.0,5.413194444444445,8,1,1.0,0.7328188540643213,9,0.0,0.0,0.0,5,0.0,1.0,0.9977785254424818,3.6430590649169208,1.0,0.15145054442328892,0.12249527604749841,0.6754389112509108,0.2181965319164683,4.088187166551459,1.0
[synthetic-clean-tree],graph_0015,199,198,0.005025125628140704,0.9949748743718593,1.4953780968822015,4,0.9949748743718593,0.07070978532397132,1,0.0,0.0,0.0,0,0.0,6.415207349880717,8,1,1.0,0.8530018497455565,14,0.0,0.0,0.0,5,0.0,1.0,0.9078783480787419,3.5080421087957934,1.0,0.14174625045706987,0.10235109735811214,0.6495089678144546,0.2113201287184478,5.233374440883663,1.0
[synthetic-clean-tree],graph_0016,167,166,0.005988023952095809,0.9940119760479041,1.5104308224204284,4,0.9940119760479041,0.07715029177679718,1,0.0,0.0,0.0,0,0.0,6.374864728374576,8,1,1.0,0.8434949348459999,11,0.0,0.0,0.0,5,0.0,1.0,0.9003583446750858,3.426523740845888,1.0,0.1396528260670645,0.11289218934050431,0.6738775358178701,0.1962424943731638,5.066900482006745,1.0
[synthetic-clean-tree],graph_0017,76,75,0.013157894736842105,0.9868421052631579,1.4094924530018786,4,0.9868421052631579,0.11395071102426826,1,0.0,0.0,0.0,0,0.0,5.602456140350877,8,1,1.0,0.774237742611397,9,0.0,0.0,0.0,5,0.0,1.0,0.9903190389852329,3.5214583339863257,1.0,0.1604261414965109,0.12563782894293948,0.6879143121988651,0.21798283014095135,4.264690477991274,1.0
[synthetic-clean-tree],graph_0018,58,57,0.017241379310344827,0.9827586206896551,1.3832916678299456,4,0.9827586206896551,0.13016955922880602,1,0.0,0.0,0.0,0,0.0,5.412583182093164,8,1,1.0,0.7359189467771174,7,0.0,0.0,0.0,5,0.0,1.0,1.0193776938718215,3.073064445692779,1.0,0.14694824026021006,0.13344155106036357,0.6741016823495084,0.2135120985314338,3.990674123499247,1.0
[synthetic-clean-tree],graph_0019,146,145,0.00684931506849315,0.9931506849315068,1.5237686488119744,4,0.9931506849315068,0.08247667519720751,1,0.0,0.0,0.0,0,0.0,6.277279168634861,8,1,1.0,0.8214875713938621,11,0.0,0.0,0.0,5,0.0,1.0,0.9199594023889832,3.6818117374110013,1.0,0.14021784944764798,0.09689336729837723,0.6576821021627979,0.20308301153485975,4.927143129043706,1.0
[synthetic-clean-tree],graph_0020,64,63,0.015625,0.984375,1.4522847032779076,4,0.984375,0.12401959270615269,1,0.0,0.0,0.0,0,0.0,5.375,8,1,1.0,0.7609046227765892,9,0.0,0.0,0.0,5,0.0,1.0,0.9813454187064612,2.755971145841137,1.0,0.15519501981018957,0.12835055428693923,0.6180659735078587,0.20446106596822308,4.085300463090695,1.0
[synthetic-clean-tree],graph_0021,119,118,0.008403361344537815,0.9915966386554622,1.4171565703417,4,0.9915966386554622,0.09128386967395141,1,0.0,0.0,0.0,0,0.0,6.19740777666999,8,1,1.0,0.8005328707847489,10,0.0,0.0,0.0,5,0.0,1.0,0.9716029681733369,3.5834076493632026,1.0,0.1566503407461974,0.13483228923741003,0.6752648090543774,0.19442450734804018,4.7276533098046265,1.0
[synthetic-clean-tree],graph_0022,93,92,0.010752688172043012,0.989247311827957,1.3873051439725772,4,0.989247311827957,0.10313616179167141,1,0.0,0.0,0.0,0,0.0,5.918653576437587,8,1,1.0,0.7823844499789555,11,0.0,0.0,0.0,5,0.0,1.0,1.0102281115278835,3.5569738722574673,1.0,0.15342839658054186,0.12938808314343866,0.6277024796971705,0.2191227538260594,4.459062235472173,1.0
[synthetic-clean-tree],graph_0023,88,87,0.011363636363636364,0.9886363636363636,1.4261703183208885,4,0.9886363636363636,0.10599294378510019,1,0.0,0.0,0.0,0,0.0,5.645506792058516,8,1,1.0,0.7888147814545866,8,0.0,0.0,0.0,5,0.0,1.0,0.9614668268956119,3.4226252237933594,1.0,0.14071799338936544,0.11613244826668352,0.6849792136709628,0.20895831830565598,4.416227026780669,1.0
[synthetic-clean-tree],graph_0024,133,132,0.007518796992481203,0.9924812030075187,1.4791596913463454,4,0.9924812030075187,0.08638440069981998,1,0.0,0.0,0.0,0,0.0,6.120984278879016,8,1,1.0,0.8178539294543714,11,0.0,0.0,0.0,5,0.0,1.0,0.9128070351861877,3.3854624123235917,1.0,0.13623851000764342,0.11407454472231486,0.6554477474548411,0.21429959851037675,4.827255851789211,1.0
[synthetic-clean-tree],graph_0025,135,134,0.007407407407407408,0.9925925925925926,1.4782186291278723,4,0.9925925925925926,0.08574694002066834,1,0.0,0.0,0.0,0,0.0,6.293421779988944,8,1,1.0,0.8102490558876086,13,0.0,0.0,0.0,5,0.0,1.0,0.9455971864969981,3.5990587118362107,1.0,0.143791622165805,0.12137078195457986,0.6582247936921324,0.1889072069544885,4.855133720694791,1.0
[synthetic-clean-tree],graph_0026,60,59,0.016666666666666666,0.9833333333333333,1.372244714165646,4,0.9833333333333333,0.12801909579781015,1,0.0,0.0,0.0,0,0.0,5.430508474576271,8,1,1.0,0.7426654535401581,9,0.0,0.0,0.0,5,0.0,1.0,1.0175352182636561,3.4558516187172326,1.0,0.16400651223207444,0.13204810229176528,0.6594413304747588,0.20844882004160792,4.023215979185372,1.0
[synthetic-clean-tree],graph_0027,162,161,0.006172839506172839,0.9938271604938271,1.4593120042273553,4,0.9938271604938271,0.0783245527188242,1,0.0,0.0,0.0,0,0.0,6.319530710835059,8,1,1.0,0.8493415519731099,13,0.0,0.0,0.0,5,0.0,1.0,0.9364471548142371,3.2777233332276743,1.0,0.14603237613288853,0.10714430108519518,0.6539000876654624,0.20429953993145125,5.030911483745801,1.0
[synthetic-clean-tree],graph_0028,183,182,0.00546448087431694,0.994535519125683,1.5131383366326994,4,0.994535519125683,0.07371987739471061,1,0.0,0.0,0.0,0,0.0,6.403771092295682,8,1,1.0,0.8497721783065324,14,0.0,0.0,0.0,5,0.0,1.0,0.904775374425163,3.5835300729934287,1.0,0.14410995979447713,0.11787023095997196,0.6435324980568919,0.21555495405829317,5.145696975019993,1.0
[synthetic-clean-tree],graph_0029,75,74,0.013333333333333334,0.9866666666666667,1.4741626625157607,4,0.9866666666666667,0.11469767022723507,1,0.0,0.0,0.0,0,0.0,5.638198198198198,8,1,1.0,0.7645046990973193,10,0.0,0.0,0.0,5,0.0,1.0,0.9561624996532168,3.2803521229690142,1.0,0.14513458099334092,0.13445766871113607,0.6696050348691688,0.2234635184203338,4.2446795246086735,1.0
[synthetic-clean-tree],graph_0030,108,107,0.009259259259259259,0.9907407407407407,1.5122669417649142,4,0.9907407407407407,0.09577852252582035,1,1.0389829834143082e-07,0.0,0.0,0,0.0,6.0514018691588785,8,1,1.0,0.8037463335205248,10,0.0,0.0,0.0,5,0.0,1.0,0.9388226040339808,3.559784563836242,1.0,0.14993693173362688,0.1131141374844622,0.6314920363142833,0.22385158216221257,4.609166390812963,1.0
[synthetic-clean-tree],graph_0031,91,90,0.01098901098901099,0.989010989010989,1.5081792056525505,4,0.989010989010989,0.10425091187368281,1,0.0,0.0,0.0,0,0.0,5.632722832722833,8,1,1.0,0.7653772609362552,12,0.0,0.0,0.0,5,0.0,1.0,0.9071910607381279,3.2266526314262958,1.0,0.14060682960065923,0.12341657582474996,0.656829887185536,0.21282261923271364,4.446101591625748,1.0
[synthetic-clean-tree],graph_0032,144,143,0.006944444444444444,0.9930555555555556,1.4976672962467044,4,0.9930555555555556,0.08304347738264861,1,0.0,0.0,0.0,0,0.0,6.342754467754467,8,1,1.0,0.8380601818643141,11,0.0,0.0,0.0,5,0.0,1.0,0.9272952872764916,3.549593124841293,1.0,0.14392606788508816,0.11494071162259042,0.6740046279757891,0.2050424560514616,4.914319265258285,1.0
[synthetic-clean-tree],graph_0033,196,195,0.00510204081632653,0.9948979591836735,1.4999913230347393,4,0.9948979591836735,0.07124612267229052,1,0.0,0.0,0.0,0,0.0,6.419832548403977,8,1,1.0,0.8557195805771491,13,0.0,0.0,0.0,5,0.0,1.0,0.8989225879133818,3.3651877427664774,1.0,0.13420237440738883,0.09455862977526124,0.6320368176895569,0.2036009492116563,5.219796470005541,1.0
[synthetic-clean-tree],graph_0034,215,214,0.004651162790697674,0.9953488372093023,1.5656120711665356,4,0.9953488372093023,0.06804064575966416,1,0.0,0.0,0.0,0,0.0,6.4599869593566615,8,1,1.0,0.8641206337772365,12,0.0,0.0,0.0,5,0.0,1.0,0.8634895768121309,3.778958840875372,1.0,0.13963950204959302,0.10342547213372563,0.6575341047037956,0.1989777041991199,5.3185061630757335,1.0
[synthetic-clean-tree],graph_0035,140,139,0.007142857142857143,0.9928571428571429,1.46627043194352,4,0.9928571428571429,0.08421304373251141,1,0.0,0.0,0.0,0,0.0,6.161048304213772,8,1,1.0,0.8283301705262327,11,0.0,0.0,0.0,5,0.0,1.0,0.9265853748262296,3.4939841173539463,1.0,0.13414273298429388,0.10540499648072356,0.6700362269723934,0.1969442172314101,4.889261069673248,1.0
[synthetic-clean-tree],graph_0036,136,135,0.007352941176470588,0.9926470588235294,1.531513685720821,4,0.9926470588235294,0.08543345616634007,1,0.0,0.0,0.0,0,0.0,6.1649237472766885,8,1,1.0,0.8222667810267577,12,0.0,0.0,0.0,5,0.0,1.0,0.9015885637007186,3.527739113730189,1.0,0.151973608882553,0.11737190794313632,0.6499998034503094,0.20757955028273561,4.853283471637324,1.0
[synthetic-clean-tree],graph_0037,120,119,0.008333333333333333,0.9916666666666667,1.4916201110053304,4,0.9916666666666667,0.09090593428863096,1,0.0,0.0,0.0,0,0.0,6.138515406162465,8,1,1.0,0.805316524526009,11,0.0,0.0,0.0,5,0.0,1.0,0.9230604957899095,3.5318975058963376,1.0,0.15110548307609195,0.11745874036623587,0.6355899381033461,0.19466966435513935,4.731346456083538,1.0
[synthetic-clean-tree],graph_0038,195,194,0.005128205128205128,0.9948717948717949,1.5072387247238028,4,0.9948717948717949,0.0714276321906878,1,0.0,0.0,0.0,0,0.0,6.430663494581021,8,1,1.0,0.8514298316570864,14,0.0,0.0,0.0,5,0.0,1.0,0.8959422363565794,3.300087330703438,1.0,0.13682011964702487,0.10579278582364778,0.6232350570473199,0.19743792741162589,5.21528738715431,1.0
[synthetic-clean-tree],graph_0039,149,148,0.006711409395973154,0.9932885906040269,1.51279395854517,4,0.9932885906040269,0.0816478191986338,1,0.0,0.0,0.0,0,0.0,6.201342281879195,8,1,1.0,0.8322418280269258,10,0.0,0.0,0.0,5,0.0,1.0,0.886807619006974,3.4920762344526333,1.0,0.15320442398021805,0.12020131471043619,0.6628018700586127,0.20696600989155886,4.945785975690965,1.0
[synthetic-clean-tree],graph_0040,199,198,0.005025125628140704,0.9949748743718593,1.518719003446327,4,0.9949748743718593,0.07070978532397132,1,0.0,0.0,0.0,0,0.0,6.44424140906553,8,1,1.0,0.8485203484187048,13,0.0,0.0,0.0,5,0.0,1.0,0.896911007929999,3.599501786967225,1.0,0.13711338695613923,0.09451356052686304,0.6485331043426532,0.21709624767714295,5.230427199119912,1.0
[synthetic-clean-tree],graph_0041,104,103,0.009615384615384616,0.9903846153846154,1.437781359138583,4,0.9903846153846154,0.09758549581819442,1,0.0,0.0,0.0,0,0.0,6.035660941000747,8,1,1.0,0.8140617109966453,9,0.0,0.0,0.0,5,0.0,1.0,0.9604371959512865,2.9648721374728724,1.0,0.15288997803811813,0.12118976112237329,0.6250020299365501,0.20513792262841726,4.579576488297617,1.0
[synthetic-clean-tree],graph_0042,132,131,0.007575757575757576,0.9924242424242424,1.5100482237995525,4,0.9924242424242424,0.08670850865348179,1,0.0,0.0,0.0,0,0.0,6.081887578070784,8,1,1.0,0.8232137476521487,10,0.0,0.0,0.0,5,0.0,1.0,0.9171814389673332,3.837956360330916,1.0,0.1359388562280716,0.10943497681376117,0.6579166810878698,0.2216669880649875,4.815640321131758,1.0
[synthetic-clean-tree],graph_0043,142,141,0.007042253521126761,0.9929577464788732,1.5081771427751078,4,0.9929577464788732,0.08362212737350645,1,0.0,0.0,0.0,0,0.0,6.333133553091599,8,1,1.0,0.8348419982852799,9,0.0,0.0,0.0,5,0.0,1.0,0.9191928451690647,3.2984952835647428,1.0,0.14796628162838357,0.10865456375062811,0.6679794442680373,0.20173085568850366,4.901796931691855,1.0
[synthetic-clean-tree],graph_0044,93,92,0.010752688172043012,0.989247311827957,1.5133429751190692,4,0.989247311827957,0.10313616179167141,1,0.0,0.0,0.0,0,0.0,5.675081813931744,8,1,1.0,0.7901655216007285,11,0.0,0.0,0.0,5,0.0,1.0,0.9079832546817865,3.410620967331992,1.0,0.15027637283947975,0.12256027583475894,0.6509557037264347,0.1991164808447428,4.473742919870328,1.0
[synthetic-clean-tree],graph_0045,77,76,0.012987012987012988,0.987012987012987,1.4187382952753087,4,0.987012987012987,0.11321815437767985,1,0.0,0.0,0.0,0,0.0,5.917293233082707,8,1,1.0,0.7614746436277747,9,0.0,0.0,0.0,5,0.0,1.0,1.0077044117869913,3.0765276556482624,1.0,0.16215602599096224,0.1549667800165858,0.6410676821866855,0.18320899498329482,4.288811339097253,1.0
[synthetic-clean-tree],graph_0046,91,90,0.01098901098901099,0.989010989010989,1.5008752427782717,4,0.989010989010989,0.10425091187368281,1,0.0,0.0,0.0,0,0.0,5.722588522588523,8,1,1.0,0.7816794005785771,9,0.0,0.0,0.0,5,0.0,1.0,0.9071910607381279,3.3985689944320847,1.0,0.1385889527403261,0.10946483200322525,0.692392488259492,0.21567219922107234,4.448621747508971,1.0
[synthetic-clean-tree],graph_0047,106,105,0.009433962264150943,0.9905660377358491,1.50154186804367,4,0.9905660377358491,0.09666934684867547,1,0.0,0.0,0.0,0,0.0,5.770350404312668,8,1,1.0,0.8097811037851348,9,0.0,0.0,0.0,5,0.0,1.0,0.9186712644343062,3.3324052181938066,1.0,0.1359871448319179,0.10135402710517705,0.6554724049496887,0.20082361213063835,4.604701646320333,1.0
[synthetic-clean-tree],graph_0048,167,166,0.005988023952095809,0.9940119760479041,1.5222777056208328,4,0.9940119760479041,0.07715029177679718,1,0.0,0.0,0.0,0,0.0,6.396796767909963,8,1,1.0,0.8597292176932712,12,0.0,0.0,0.0,5,0.0,1.0,0.9006443380046114,3.5275005569315887,1.0,0.13949330970553533,0.0971190928543102,0.6587279605977071,0.21017072958613012,5.058234854261522,1.0
[synthetic-clean-tree],graph_0049,181,180,0.0055248618784530384,0.994475138121547,1.514195217090331,4,0.994475138121547,0.07412380035910907,1,0.0,0.0,0.0,0,0.0,6.412768569674647,8,1,1.0,0.8475457913022539,13,0.0,0.0,0.0,5,0.0,1.0,0.8982574011147519,3.5180897824136173,1.0,0.1391295757211633,0.10138406192883406,0.6232250384372419,0.21055205193788226,5.133413849733966,1.0
[synthetic-clean-tree],graph_0050,113,112,0.008849557522123894,0.9911504424778761,1.4724344733304833,4,0.9911504424778761,0.09365491366600322,1,0.0,0.0,0.0,0,0.0,6.0549936788874845,8,1,1.0,0.8084954130133328,9,0.0,0.0,0.0,5,0.0,1.0,0.9357640332280501,3.63938339925504,1.0,0.14683507668604162,0.11334278269754128,0.62186240432916,0.18481472666443682,4.673350817285296,1.0
[synthetic-clean-tree],graph_0051,106,105,0.009433962264150943,0.9905660377358491,1.5078116281606186,4,0.9905660377358491,0.09666934684867547,1,0.0,0.0,0.0,0,0.0,5.753099730458221,8,1,1.0,0.806561203425594,10,0.0,0.0,0.0,5,0.0,1.0,0.8973926983100505,3.3278300656442905,1.0,0.14168319614220728,0.10987806895083196,0.664234884840196,0.18779543267183063,4.6124103113566015,1.0
[synthetic-clean-tree],graph_0052,101,100,0.009900990099009901,0.9900990099009901,1.45217521721181,4,0.9900990099009901,0.09900990099009897,1,0.0,0.0,0.0,0,0.0,5.9675247524752475,8,1,1.0,0.7938598802111566,9,0.0,0.0,0.0,5,0.0,1.0,0.9659626040684124,3.583550313665378,1.0,0.1478005787601558,0.11652644635604076,0.677687474835258,0.20314531135469446,4.55858971043953,1.0
[synthetic-clean-tree],graph_0053,115,114,0.008695652173913044,0.991304347826087,1.4714420739321061,4,0.991304347826087,0.09284415871331572,1,0.0,0.0,0.0,0,0.0,5.9963386727688786,8,1,1.0,0.8014014254638425,11,0.0,0.0,0.0,5,0.0,1.0,0.9360993351113458,3.248852660449421,1.0,0.14403405351415363,0.11746252177080382,0.6482564206597978,0.21273143305786085,4.679947083849553,1.0
[synthetic-clean-tree],graph_0054,137,136,0.0072992700729927005,0.9927007299270073,1.4723552330654561,4,0.9927007299270073,0.08512338532620875,1,0.0,0.0,0.0,0,0.0,6.173035637612709,8,1,1.0,0.8226381314308043,10,0.0,0.0,0.0,5,0.0,1.0,0.9300940399349915,3.482366426539657,1.0,0.14502065650335677,0.10908919974270027,0.6500671976107926,0.20167229739997092,4.862461862004874,1.0
[synthetic-clean-tree],graph_0055,136,135,0.007352941176470588,0.9926470588235294,1.4677730406850844,4,0.9926470588235294,0.08543345616634007,1,0.0,0.0,0.0,0,0.0,6.2935729847494555,8,1,1.0,0.8142615357538382,11,0.0,0.0,0.0,5,0.0,1.0,0.9420114878597035,3.5557427102331767,1.0,0.14973307761539906,0.11197026468158257,0.6449479731760474,0.21933651468175963,4.845974658319492,1.0
[synthetic-clean-tree],graph_0056,120,119,0.008333333333333333,0.9916666666666667,1.4747645763156758,4,0.9916666666666667,0.09090593428863096,1,0.0,0.0,0.0,0,0.0,6.079831932773109,8,1,1.0,0.8174072891085522,10,0.0,0.0,0.0,5,0.0,1.0,0.932320207131565,3.5213349872669664,1.0,0.14200787756408512,0.10272848574789202,0.6659334198656067,0.20443694882104047,4.7294224959803115,1.0
[synthetic-clean-tree],graph_0057,85,84,0.011764705882352941,0.9882352941176471,1.4752397025333865,4,0.9882352941176471,0.1078253104695492,1,0.0,0.0,0.0,0,0.0,5.5893557422969185,8,1,1.0,0.7648283497796755,9,0.0,0.0,0.0,5,0.0,1.0,0.9304734436700818,3.874356162740562,1.0,0.159007873164015,0.14271270771797023,0.6086646322079625,0.20282622485936033,4.37488906979001,1.0
[synthetic-clean-tree],graph_0058,174,173,0.005747126436781609,0.9942528735632183,1.4990308226715447,4,0.9942528735632183,0.07559164619520635,1,0.0,0.0,0.0,0,0.0,6.38728323699422,8,1,1.0,0.8502608320812758,12,0.0,0.0,0.0,5,0.0,1.0,0.9122577489336485,3.332705552758581,1.0,0.14142020336476147,0.10794901847108268,0.6499973160471851,0.22128397777461425,5.092641782510551,1.0
[synthetic-clean-tree],graph_0059,111,110,0.009009009009009009,0.990990990990991,1.4856399445908426,4,0.990990990990991,0.0944872836189326,1,0.0,0.0,0.0,0,0.0,6.038984438984439,8,1,1.0,0.8170769379690754,10,0.0,0.0,0.0,5,0.0,1.0,0.9356195547019144,3.1590182908856943,1.0,0.15794027723840343,0.12957069705179147,0.6561855162661544,0.19862432249964887,4.652571306812493,1.0
[synthetic-clean-tree],graph_0060,179,178,0.00558659217877095,0.994413407821229,1.5372368983367333,4,0.994413407821229,0.07453443611243761,1,0.0,0.0,0.0,0,0.0,6.403238968049714,8,1,1.0,0.8475574594712197,11,0.0,0.0,0.0,5,0.0,1.0,0.8780233510355793,3.539809737496563,1.0,0.14427361207330544,0.10893777847992986,0.6347130459380467,0.19572694193213788,5.132472492859328,1.0
[synthetic-clean-tree],graph_0061,131,130,0.007633587786259542,0.9923664122137404,1.4435758358972224,4,0.9923664122137404,0.0870362919923006,1,0.0,0.0,0.0,0,0.0,6.259541984732825,8,1,1.0,0.8236136559201246,10,0.0,0.0,0.0,5,0.0,1.0,0.961857841841067,3.513410361163183,1.0,0.14925779145579768,0.11635575297076951,0.6773333724437663,0.2003034888901734,4.822016873040756,1.0
[synthetic-clean-tree],graph_0062,140,139,0.007142857142857143,0.9928571428571429,1.5282876906218024,4,0.9928571428571429,0.08421304373251141,1,0.0,0.0,0.0,0,0.0,6.189003083247687,8,1,1.0,0.8351535207040115,10,0.0,0.0,0.0,5,0.0,1.0,0.8949635962041491,3.6333777268110827,1.0,0.13649837961205002,0.10918574889965166,0.6458581420869051,0.19240304924589402,4.888270855252161,1.0
[synthetic-clean-tree],graph_0063,183,182,0.00546448087431694,0.994535519125683,1.483966283915676,4,0.994535519125683,0.07371987739471061,1,0.0,0.0,0.0,0,0.0,6.321863928421306,8,1,1.0,0.8548263966788164,12,0.0,0.0,0.0,5,0.0,1.0,0.9105151604083062,3.401244458841133,1.0,0.14784940451516798,0.11608693209880697,0.6214700120255162,0.20226986734208605,5.14997600400414,1.0
[synthetic-clean-tree],graph_0064,146,145,0.00684931506849315,0.9931506849315068,1.5237686488119744,4,0.9931506849315068,0.08247667519720751,1,0.0,0.0,0.0,0,0.0,6.165800661313179,8,1,1.0,0.8339312125768709,10,0.0,0.0,0.0,5,0.0,1.0,0.8894815850141913,3.4478024189026666,1.0,0.14054788596951487,0.09666537236249453,0.6658616245317049,0.20823397579102013,4.925562967880718,1.0
[synthetic-clean-tree],graph_0065,56,55,0.017857142857142856,0.9821428571428571,1.4939290410162849,4,0.9821428571428571,0.132432115840994,1,0.0,0.0,0.0,0,0.0,5.4655844155844155,8,1,1.0,0.7157660161689772,10,0.0,0.0,0.0,5,0.0,1.0,0.9621982281640029,3.2524207624425294,1.0,0.14341738810938556,0.11709107293507906,0.6379286221023996,0.20435437802605622,3.9558303701201347,1.0
[synthetic-clean-tree],graph_0066,134,133,0.007462686567164179,0.9925373134328358,1.5283210408260395,4,0.9925373134328358,0.08606389996022984,1,0.0,0.0,0.0,0,0.0,6.192795421389294,8,1,1.0,0.8120949653893004,11,0.0,0.0,0.0,5,0.0,1.0,0.8924145291512863,3.5605977841345817,1.0,0.13849315178276947,0.11414848061889853,0.671984161933078,0.215353775363456,4.8359711054453625,1.0
[synthetic-clean-tree],graph_0067,97,96,0.010309278350515464,0.9896907216494846,1.4818130811406969,4,0.9896907216494846,0.10100988630033722,1,0.0,0.0,0.0,0,0.0,5.736254295532646,8,1,1.0,0.7901205250776845,10,0.0,0.0,0.0,5,0.0,1.0,0.9216617829352751,3.7376170454463824,1.0,0.13370090899083703,0.11003946362783763,0.6669882505298287,0.20399253253589025,4.514898825733604,1.0
[synthetic-clean-tree],graph_0068,69,68,0.014492753623188406,0.9855072463768116,1.419254280851605,4,0.9855072463768116,0.11951030798891765,1,0.0,0.0,0.0,0,0.0,5.507246376811594,8,1,1.0,0.7460501296660191,9,0.0,0.0,0.0,5,0.0,1.0,0.9718642502017336,3.0992312739391146,1.0,0.1684149333715231,0.14250662780940462,0.6207941173783436,0.2016828930041581,4.16519748748162,1.0
[synthetic-clean-tree],graph_0069,157,156,0.006369426751592357,0.9936305732484076,1.4866574969391586,4,0.9936305732484076,0.07955411462927897,1,0.0,0.0,0.0,0,0.0,6.338722848276989,8,1,1.0,0.8432290250442016,11,0.0,0.0,0.0,5,0.0,1.0,0.9187009386303364,3.8816805788322313,1.0,0.1316375560532506,0.10015549651993444,0.6624864174364854,0.21734041996699577,4.994025268578451,1.0
[synthetic-clean-tree],graph_0070,86,85,0.011627906976744186,0.9883720930232558,1.3850882437383298,4,0.9883720930232558,0.10720400531735916,1,0.0,0.0,0.0,0,0.0,5.851983584131327,8,1,1.0,0.7842335858742969,10,0.0,0.0,0.0,5,0.0,1.0,1.0211943517419535,3.596131889931799,1.0,0.15508279634451724,0.11679726756289027,0.6610891924356042,0.20270178918895065,4.393790148902357,1.0
[synthetic-clean-tree],graph_0071,88,87,0.011363636363636364,0.9886363636363636,1.44201814215843,4,0.9886363636363636,0.10599294378510019,1,0.0,0.0,0.0,0,0.0,5.6901776384535,8,1,1.0,0.7755186742699743,8,0.0,0.0,0.0,5,0.0,1.0,0.9497458425318517,3.890705138349522,1.0,0.152406244463502,0.12578077758288786,0.6983828438457668,0.2010172433000246,4.422294616736254,1.0
[synthetic-clean-tree],graph_0072,107,106,0.009345794392523364,0.9906542056074766,1.500749514317864,4,0.9906542056074766,0.0962208424391308,1,0.0,0.0,0.0,0,0.0,5.779932992417563,8,1,1.0,0.7950388992962991,10,0.0,0.0,0.0,5,0.0,1.0,0.9138094022603617,3.4843488890551946,1.0,0.15429154147623914,0.11800467617274059,0.6562718253460322,0.20785042648476534,4.611126697226103,1.0
[synthetic-clean-tree],graph_0073,137,136,0.0072992700729927005,0.9927007299270073,1.5449297830403215,4,0.9927007299270073,0.08512338532620875,1,0.0,0.0,0.0,0,0.0,6.311721768999571,8,1,1.0,0.8360472210140654,11,0.0,0.0,0.0,5,0.0,1.0,0.9050795585872953,3.188280462923753,1.0,0.14376239550341588,0.10320031001548545,0.6427414574799835,0.21650623220004683,4.853653611745336,1.0
[synthetic-clean-tree],graph_0074,101,100,0.009900990099009901,0.9900990099009901,1.4925229454424769,4,0.9900990099009901,0.09900990099009897,1,0.0,0.0,0.0,0,0.0,6.026930693069307,8,1,1.0,0.7784975965117951,10,0.0,0.0,0.0,5,0.0,1.0,0.9334703595566087,3.7580025397945285,1.0,0.14724505082714973,0.1077014529990859,0.7105911529047364,0.21171478139352778,4.558582685718558,1.0
[synthetic-clean-tree],graph_0075,153,152,0.006535947712418301,0.9934640522875817,1.488503797743662,4,0.9934640522875817,0.08058057520220885,1,0.0,0.0,0.0,0,0.0,6.292225662194703,8,1,1.0,0.8270762482343452,13,0.0,0.0,0.0,5,0.0,1.0,0.9387941589651869,3.6021321641935753,1.0,0.15384445029518293,0.12476292017399578,0.6562790624021417,0.21260385848806948,4.9685586513240265,1.0
[synthetic-clean-tree],graph_0076,137,136,0.0072992700729927005,0.9927007299270073,1.516316851337181,4,0.9927007299270073,0.08512338532620875,1,0.0,0.0,0.0,0,0.0,6.134177758694719,8,1,1.0,0.8282827655335481,10,0.0,0.0,0.0,5,0.0,1.0,0.9061899610284004,3.361236051194576,1.0,0.15279572448769382,0.10610833395072397,0.64173449814654,0.21060715942533936,4.857239382777378,1.0
[synthetic-clean-tree],graph_0077,142,141,0.007042253521126761,0.9929577464788732,1.4655503166418429,4,0.9929577464788732,0.08362212737350645,1,0.0,0.0,0.0,0,0.0,6.27289981020877,8,1,1.0,0.8382452700241219,11,0.0,0.0,0.0,5,0.0,1.0,0.9424799876066603,3.5534732537352607,1.0,0.14839570842331726,0.1149759903112365,0.6359010119994198,0.20358410502716437,4.896125608721659,1.0
[synthetic-clean-tree],graph_0078,102,101,0.00980392156862745,0.9901960784313726,1.4652517553824282,4,0.9901960784313726,0.09852819236393033,1,0.0,0.0,0.0,0,0.0,5.789361289070084,8,1,1.0,0.8137385628483732,8,0.0,0.0,0.0,5,0.0,1.0,0.9282598950106997,3.453725602286839,1.0,0.1512247669479975,0.13047267607690047,0.6254521376977131,0.22731842425502083,4.546039557518496,1.0
[synthetic-clean-tree],graph_0079,89,88,0.011235955056179775,0.9887640449438202,1.4952688084400578,4,0.9887640449438202,0.1054026013443467,1,0.0,0.0,0.0,0,0.0,5.666496424923391,8,1,1.0,0.773622134332362,9,0.0,0.0,0.0,5,0.0,1.0,0.9311905294344376,3.627223029018914,1.0,0.14727374898689266,0.10965076962736531,0.6552563096200662,0.21376311073784451,4.423505536669132,1.0
[synthetic-clean-tree],graph_0080,83,82,0.012048192771084338,0.9879518072289156,1.508960991803927,4,0.9879518072289156,0.10910102576069176,1,0.0,0.0,0.0,0,0.0,5.556273875991772,8,1,1.0,0.7658659927057531,11,0.0,0.0,0.0,5,0.0,1.0,0.9298859386244589,3.552712587309543,1.0,0.14174034595468893,0.13248915598037497,0.6204295024035414,0.2198129843756052,4.341769995363259,1.0
[synthetic-clean-tree],graph_0081,103,102,0.009708737864077669,0.9902912621359223,1.523251157860597,4,0.9902912621359223,0.0980534460035153,1,0.0,0.0,0.0,0,0.0,6.060156101275462,8,1,1.0,0.7877988990763182,13,0.0,0.0,0.0,5,0.0,1.0,0.9229347272759503,3.287926600157991,1.0,0.14890625603819646,0.12238865698335419,0.6188178531071568,0.20187930630568046,4.571739609604965,1.0
[synthetic-clean-tree],graph_0082,110,109,0.00909090909090909,0.990909090909091,1.5403391276271514,4,0.990909090909091,0.09491187735373226,1,0.0,0.0,0.0,0,0.0,5.762135112593828,8,1,1.0,0.8049886637284706,10,0.0,0.0,0.0,5,0.0,1.0,0.8785104453413348,3.5020626914554276,1.0,0.13375081337091402,0.11247481085012133,0.6610265252386116,0.21650338911573994,4.634960045557157,1.0
[synthetic-clean-tree],graph_0083,89,88,0.011235955056179775,0.9887640449438202,1.554221377536877,4,0.9887640449438202,0.1054026013443467,1,0.0,0.0,0.0,0,0.0,5.740551583248212,8,1,1.0,0.7782318191022102,11,0.0,0.0,0.0,5,0.0,1.0,0.8926153052836582,3.379163241156605,1.0,0.15675126253191013,0.12177121663330898,0.6479071325057199,0.20541326877313437,4.425275732897257,1.0
[synthetic-clean-tree],graph_0084,128,127,0.0078125,0.9921875,1.4496556366405609,4,0.9921875,0.08804240366863003,1,0.0,0.0,0.0,0,0.0,6.136564960629921,8,1,1.0,0.8249085614428681,11,0.0,0.0,0.0,5,0.0,1.0,0.9495859271756133,3.444627592479196,1.0,0.14624843252800543,0.11838384056217005,0.6927535623530056,0.20839553863748905,4.795265459400257,1.0
[synthetic-clean-tree],graph_0085,169,168,0.005917159763313609,0.9940828402366864,1.509328160505884,4,0.9940828402366864,0.07669515619417586,1,0.0,0.0,0.0,0,0.0,6.3729219498450265,8,1,1.0,0.8448994497951517,12,0.0,0.0,0.0,5,0.0,1.0,0.907893066917093,3.5315522623699374,1.0,0.14108686011860003,0.11328588250997416,0.637607258058094,0.20227669344713492,5.072873021420033,1.0
[synthetic-clean-tree],graph_0086,129,128,0.007751937984496124,0.9922480620155039,1.4863519882715803,4,0.9922480620155039,0.0877031666587966,1,0.0,0.0,0.0,0,0.0,6.1438953488372094,8,1,1.0,0.8218778240472803,11,0.0,0.0,0.0,5,0.0,1.0,0.9206075945298948,3.5416772190263823,1.0,0.1458441886949435,0.10640239554953873,0.6486816336106526,0.21406091086832404,4.794722945042288,1.0
[synthetic-clean-tree],graph_0087,141,140,0.0070921985815602835,0.9929078014184397,1.470738001173277,4,0.9929078014184397,0.08391602529219315,1,0.0,0.0,0.0,0,0.0,6.3193515704154,8,1,1.0,0.8365896492641199,11,0.0,0.0,0.0,5,0.0,1.0,0.9385092635116326,3.259660175213088,1.0,0.14630441966559649,0.10947048763857888,0.6458725764609515,0.1975824051593347,4.894176141392083,1.0
[synthetic-clean-tree],graph_0088,141,140,0.0070921985815602835,0.9929078014184397,1.5228587054909237,4,0.9929078014184397,0.08391602529219315,1,0.0,0.0,0.0,0,0.0,6.164539007092198,8,1,1.0,0.8182250539984978,9,0.0,0.0,0.0,5,0.0,1.0,0.8830050933115161,3.7142217642065396,1.0,0.14740276387284407,0.11102992533453347,0.6445903747848487,0.20914762849903973,4.886511700258554,1.0
[synthetic-clean-tree],graph_0089,165,164,0.006060606060606061,0.9939393939393939,1.49137711303902,4,0.9939393939393939,0.07761362712039818,1,0.0,0.0,0.0,0,0.0,6.3847745750184774,8,1,1.0,0.8417730031788585,12,0.0,0.0,0.0,5,0.0,1.0,0.9136674591251809,3.463934006094701,1.0,0.14053088090430285,0.09585470776398908,0.6475581602010282,0.21316712378393285,5.043257406185729,1.0
[synthetic-clean-tree],graph_0090,121,120,0.008264462809917356,0.9917355371900827,1.4402471537703936,4,0.9917355371900827,0.09053265413308528,1,0.0,0.0,0.0,0,0.0,6.131129476584022,8,1,1.0,0.8243675814164108,10,0.0,0.0,0.0,5,0.0,1.0,0.9368259573211497,3.6771304411803905,1.0,0.14226761680856856,0.11902869706550157,0.6342428724392989,0.21333768358790176,4.728627628067736,1.0
[synthetic-clean-tree],graph_0091,63,62,0.015873015873015872,0.9841269841269841,1.3742768775818006,4,0.9841269841269841,0.12498425196844143,1,0.0,0.0,0.0,0,0.0,5.457245263696876,8,1,1.0,0.7375902794103142,7,0.0,0.0,0.0,5,0.0,1.0,1.0064773432823104,3.3643181455727804,1.0,0.16801533152782863,0.14134465747513403,0.6651667133193757,0.19251708544825352,4.084794441666438,1.0
[synthetic-clean-tree],graph_0092,191,190,0.005235602094240838,0.9947643979057592,1.5434285021828165,4,0.9947643979057592,0.07216779451356137,1,0.0,0.0,0.0,0,0.0,6.449820887296776,8,1,1.0,0.8456918237210348,13,0.0,0.0,0.0,5,0.0,1.0,0.8830457186527458,3.6803043177683032,1.0,0.1379471338576313,0.09342447934979123,0.6422908306567032,0.20182791621960727,5.197048367121856,1.0
[synthetic-clean-tree],graph_0093,95,94,0.010526315789473684,0.9894736842105263,1.5251901475388516,4,0.9894736842105263,0.10205641805087011,1,0.0,0.0,0.0,0,0.0,5.6649496080627095,8,1,1.0,0.7779878163577608,9,0.0,0.0,0.0,5,0.0,1.0,0.8969611551858406,3.534859039266699,1.0,0.14487723567883434,0.12451530005713302,0.6468285544425731,0.22309464866091583,4.481433268448055,1.0
[synthetic-clean-tree],graph_0094,162,161,0.006172839506172839,0.9938271604938271,1.5051225846481289,4,0.9938271604938271,0.0783245527188242,1,0.0,0.0,0.0,0,0.0,6.358944866191243,8,1,1.0,0.8381837532593617,13,0.0,0.0,0.0,5,0.0,1.0,0.9228826285188922,3.6596579603269186,1.0,0.13721057063357095,0.10660413985363756,0.6284862589352328,0.2153010896163383,5.021633996098139,1.0
[synthetic-clean-tree],graph_0095,88,87,0.011363636363636364,0.9886363636363636,1.4654685736978013,4,0.9886363636363636,0.10599294378510019,1,0.0,0.0,0.0,0,0.0,5.698014629049112,8,1,1.0,0.772751364269373,10,0.0,0.0,0.0,5,0.0,1.0,0.9497458425318517,3.212036140994886,1.0,0.1500989054929292,0.11711249210688231,0.6432582384613541,0.20496980201091283,4.413230098198136,1.0
[synthetic-clean-tree],graph_0096,96,95,0.010416666666666666,0.9895833333333334,1.5444442883193366,4,0.9895833333333334,0.10152910775842669,1,0.0,0.0,0.0,0,0.0,5.725219298245614,8,1,1.0,0.7938730961676896,11,0.0,0.0,0.0,5,0.0,1.0,0.891545739484251,3.4154495154039344,1.0,0.14623447150788912,0.12029834047435568,0.6690410077640624,0.23567760327396609,4.488678409397318,1.0
[synthetic-clean-tree],graph_0097,186,185,0.005376344086021506,0.9946236559139785,1.529274590236699,4,0.9946236559139785,0.0731261855308357,1,0.0,0.0,0.0,0,0.0,6.410520197616972,8,1,1.0,0.8566736865656335,13,0.0,0.0,0.0,5,0.0,1.0,0.8904900398443988,3.832734352548637,1.0,0.13823204390078536,0.09609144972036222,0.6208868589231719,0.19967993592295694,5.167794455441492,1.0
[synthetic-clean-tree],graph_0098,138,137,0.007246376811594203,0.9927536231884058,1.4421018115759514,4,0.9927536231884058,0.08481666601970744,1,0.0,0.0,0.0,0,0.0,6.221305405691315,8,1,1.0,0.833806990262127,12,0.0,0.0,0.0,5,0.0,1.0,0.9576272740443299,3.291873778546025,1.0,0.14601228146513678,0.10322294294182012,0.6452192684790152,0.18531175794390597,4.877145607905367,1.0
[synthetic-clean-tree],graph_0099,82,81,0.012195121951219513,0.9878048780487805,1.4524487517849196,4,0.9878048780487805,0.10975609756097561,1,0.0,0.0,0.0,0,0.0,5.62451068955134,8,1,1.0,0.764913618479887,9,0.0,0.0,0.0,5,0.0,1.0,0.949568877311553,3.5152506614299326,1.0,0.15236421094570451,0.11663331782688699,0.6815272304262535,0.20316761249331663,4.3475742728175755,1.0
[synthetic-clean-tree],graph_0100,160,159,0.00625,0.99375,1.4768923242741836,4,0.99375,0.07880950133074056,1,0.0,0.0,0.0,0,0.0,6.3224842767295595,8,1,1.0,0.8475215768791402,12,0.0,0.0,0.0,5,0.0,1.0,0.9362941594102105,3.631325449791998,1.0,0.14593650130743313,0.10246435809028948,0.6496055109247542,0.20557509310741112,5.017417717007161,1.0
[synthetic-clean-tree],graph_0101,86,85,0.011627906976744186,0.9883720930232558,1.5211240186623292,4,0.9883720930232558,0.10720400531735916,1,0.0,0.0,0.0,0,0.0,5.493023255813953,8,1,1.0,0.7794279220153275,10,0.0,0.0,0.0,5,0.0,1.0,0.9242672214239389,3.120644775479216,1.0,0.14825383959017296,0.11680633570137633,0.6672454983449553,0.19049849546394498,4.400437014855695,1.0
[synthetic-clean-tree],graph_0102,224,223,0.004464285714285714,0.9955357142857143,1.5396479417187474,4,0.9955357142857143,0.06666600233512535,1,0.0,0.0,0.0,0,0.0,6.49931934657271,8,1,1.0,0.8740396795020566,13,0.0,0.0,0.0,5,0.0,1.0,0.8638523544812332,3.246122163280553,1.0,0.13889157921032966,0.09215413204978473,0.6397142654085267,0.19915457345637289,5.357079202433218,1.0
[synthetic-clean-tree],graph_0103,67,66,0.014925373134328358,0.9850746268656716,1.4298787894922376,4,0.9850746268656716,0.12125430454680534,1,0.0,0.0,0.0,0,0.0,5.471732247851651,8,1,1.0,0.7528862634231068,9,0.0,0.0,0.0,5,0.0,1.0,0.9724749945293685,3.228780280382054,1.0,0.1620947358340613,0.14743228774601533,0.641985806220077,0.20119702975049997,4.138906515487498,1.0
[synthetic-clean-tree],graph_0104,193,192,0.0051813471502590676,0.9948186528497409,1.535410729091595,4,0.9948186528497409,0.07179485212720736,1,0.0,0.0,0.0,0,0.0,6.412348877374784,8,1,1.0,0.860349594854381,13,0.0,0.0,0.0,5,0.0,1.0,0.8836695777950219,3.1491296233053734,1.0,0.1388864010645914,0.10260141527858706,0.6391859371435044,0.21043167016644082,5.201306781424069,1.0
[synthetic-clean-tree],graph_0105,153,152,0.006535947712418301,0.9934640522875817,1.527511248639706,4,0.9934640522875817,0.08058057520220885,1,0.0,0.0,0.0,0,0.0,6.2595459236326105,8,1,1.0,0.8190773744535964,10,0.0,0.0,0.0,5,0.0,1.0,0.9106769504064338,3.616705898237179,1.0,0.14204483627725434,0.12056572354262662,0.6565323117621276,0.22137083863608595,4.965451132342215,1.0
[synthetic-clean-tree],graph_0106,183,182,0.00546448087431694,0.994535519125683,1.4913127959270545,4,0.994535519125683,0.07371987739471061,1,0.0,0.0,0.0,0,0.0,6.390199963970455,8,1,1.0,0.8495298614655059,13,0.0,0.0,0.0,5,0.0,1.0,0.9167830294755632,3.651646905683885,1.0,0.1367795369181929,0.10429113525292606,0.6714790985916744,0.2030796297021704,5.156547695896185,1.0
[synthetic-clean-tree],graph_0107,154,153,0.006493506493506494,0.9935064935064936,1.5562890979671293,4,0.9935064935064936,0.0803202394600843,1,0.0,0.0,0.0,0,0.0,6.262965792377557,8,1,1.0,0.8303746924253239,11,0.0,0.0,0.0,5,0.0,1.0,0.8700751823567292,3.3916798807015667,1.0,0.13922316891478947,0.10276590167327322,0.6339715635273375,0.206584151675359,4.9760837084393925,1.0
[synthetic-clean-tree],graph_0108,178,177,0.0056179775280898875,0.9943820224719101,1.5195253213992315,4,0.9943820224719101,0.07474232975084308,1,0.0,0.0,0.0,0,0.0,6.3861486700945855,8,1,1.0,0.8505268921467048,13,0.0,0.0,0.0,5,0.0,1.0,0.9005527671643243,3.706804675306543,1.0,0.14263859828563552,0.10337182817485786,0.6449816642476359,0.20769070757944405,5.122272000429177,1.0
[synthetic-clean-tree],graph_0109,97,96,0.010309278350515464,0.9896907216494846,1.5498243689044235,4,0.9896907216494846,0.10100988630033722,1,0.0,0.0,0.0,0,0.0,5.791666666666667,8,1,1.0,0.7728958818259375,9,0.0,0.0,0.0,5,0.0,1.0,0.8980437988819227,3.617578813908793,1.0,0.1404875036203135,0.10487189352585392,0.6298021569890602,0.22833898644232034,4.496324378627867,1.0
[synthetic-clean-tree],graph_0110,56,55,0.017857142857142856,0.9821428571428571,1.445325858322162,4,0.9821428571428571,0.132432115840994,1,0.0,0.0,0.0,0,0.0,5.414285714285715,8,1,1.0,0.7304407347969852,8,0.0,0.0,0.0,5,0.0,1.0,0.9833103621835106,2.7479732670961603,1.0,0.157458236349093,0.15250814002478183,0.6134486304736672,0.20271704951380773,3.9529619171028516,1.0
[synthetic-clean-tree],graph_0111,119,118,0.008403361344537815,0.9915966386554622,1.4406802683520563,4,0.9915966386554622,0.09128386967395141,1,0.0,0.0,0.0,0,0.0,6.062953995157385,8,1,1.0,0.7973830141280177,10,0.0,0.0,0.0,5,0.0,1.0,0.9539516050958008,3.4349492147964247,1.0,0.14586865562301032,0.08989266665253483,0.644800064738169,0.19405380648601478,4.723218277459418,1.0
[synthetic-clean-tree],graph_0112,74,73,0.013513513513513514,0.9864864864864865,1.5021897821877492,4,0.9864864864864865,0.11545951007185856,1,0.0,0.0,0.0,0,0.0,5.397260273972603,8,1,1.0,0.7507820721427368,10,0.0,0.0,0.0,5,0.0,1.0,0.9338481501293834,3.587222725084118,1.0,0.14610868756871245,0.13834000499387258,0.6354773882128297,0.21967216639143136,4.229554889387582,1.0
[synthetic-clean-tree],graph_0113,112,111,0.008928571428571428,0.9910714285714286,1.472943698094093,4,0.9910714285714286,0.09406833707904229,1,0.0,0.0,0.0,0,0.0,6.079954954954955,8,1,1.0,0.8017796384279607,10,0.0,0.0,0.0,5,0.0,1.0,0.940322455566485,3.486794672746928,1.0,0.1517341290824848,0.13093636442691933,0.6555633603128602,0.21153152650153215,4.655047478717843,1.0
[synthetic-clean-tree],graph_0114,183,182,0.00546448087431694,0.994535519125683,1.5022652031321468,4,0.994535519125683,0.07371987739471061,1,0.0,0.0,0.0,0,0.0,6.4263496066774755,8,1,1.0,0.8585338357473659,13,0.0,0.0,0.0,5,0.0,1.0,0.8987709175797776,3.6508901457534146,1.0,0.1402758325597022,0.09497094609020665,0.6597771860551613,0.2055310584553917,5.153987527215201,1.0
[synthetic-clean-tree],graph_0115,60,59,0.016666666666666666,0.9833333333333333,1.4661931053658046,4,0.9833333333333333,0.12801909579781015,1,0.0,0.0,0.0,0,0.0,5.437853107344632,8,1,1.0,0.7209817272177231,10,0.0,0.0,0.0,5,0.0,1.0,0.9638280347694861,3.1040202123142584,1.0,0.14006549422833003,0.13367794150189977,0.6237621928662404,0.1862409538919023,4.032813661845051,1.0
[synthetic-clean-tree],graph_0116,184,183,0.005434782608695652,0.9945652173913043,1.5054151623270184,4,0.9945652173913043,0.07352037640472112,1,0.0,0.0,0.0,0,0.0,6.401639344262295,8,1,1.0,0.8643553394844837,13,0.0,0.0,0.0,5,0.0,1.0,0.9019653375741726,3.507329248883689,1.0,0.14486323407759322,0.10341654232172613,0.6565644166147262,0.21037985179037552,5.155240673330939,1.0
[synthetic-clean-tree],graph_0117,169,168,0.005917159763313609,0.9940828402366864,1.5054026626020853,4,0.9940828402366864,0.07669515619417586,1,0.0,0.0,0.0,0,0.0,6.346294730910116,8,1,1.0,0.8433918030830327,12,0.0,0.0,0.0,5,0.0,1.0,0.907893066917093,3.7487035664703896,1.0,0.14351554557100674,0.11056360509638374,0.6616886975373566,0.21888788660630704,5.066396273780077,1.0
[synthetic-clean-tree],graph_0118,62,61,0.016129032258064516,0.9838709677419355,1.5079566978880776,4,0.9838709677419355,0.1259717689662364,1,0.0,0.0,0.0,0,0.0,5.502379693283976,8,1,1.0,0.7534113679004828,10,0.0,0.0,0.0,5,0.0,1.0,0.9455547487305609,2.9768671301217546,1.0,0.15538879422693433,0.13197873883077296,0.6600316549723858,0.1972376560353109,4.064177457180711,1.0
[synthetic-clean-tree],graph_0119,151,150,0.006622516556291391,0.9933774834437086,1.5071427673191444,4,0.9933774834437086,0.0811089318802377,1,0.0,0.0,0.0,0,0.0,6.210860927152318,8,1,1.0,0.8310839815155178,11,0.0,0.0,0.0,5,0.0,1.0,0.902603216058424,3.804832862225845,1.0,0.14174132217528285,0.1044847186314707,0.6906210387751357,0.2135271421581256,4.960516440253687,1.0
[synthetic-clean-tree],graph_0120,86,85,0.011627906976744186,0.9883720930232558,1.4666381907195158,4,0.9883720930232558,0.10720400531735916,1,0.0,0.0,0.0,0,0.0,5.608207934336526,8,1,1.0,0.7811251443150828,8,0.0,0.0,0.0,5,0.0,1.0,0.9368424246588868,2.989880266960789,1.0,0.14937193156532658,0.11434908007453005,0.6901567717319563,0.196229912236871,4.399860624142693,1.0
[synthetic-clean-tree],graph_0121,120,119,0.008333333333333333,0.9916666666666667,1.4916201110053304,4,0.9916666666666667,0.09090593428863096,1,0.0,0.0,0.0,0,0.0,6.088935574229692,8,1,1.0,0.8114322744758177,10,0.0,0.0,0.0,5,0.0,1.0,0.9230604957899095,3.698895421434019,1.0,0.15302498102622983,0.11575053227730953,0.6475452727015588,0.20307698105675417,4.7279481984423795,1.0
[synthetic-clean-tree],graph_0122,78,77,0.01282051282051282,0.9871794871794872,1.4366412908424926,4,0.9871794871794872,0.11249954342810412,1,0.0,0.0,0.0,0,0.0,5.627039627039627,8,1,1.0,0.7477629769563264,10,0.0,0.0,0.0,5,0.0,1.0,0.9632902353234405,3.447598848387477,1.0,0.14148464097102798,0.10925007719481425,0.5963699032661977,0.22627195040927978,4.271184046758805,1.0
[synthetic-clean-tree],graph_0123,131,130,0.007633587786259542,0.9923664122137404,1.4645749882735404,4,0.9923664122137404,0.0870362919923006,1,0.0,0.0,0.0,0,0.0,6.258367586611861,8,1,1.0,0.8262997069500376,12,0.0,0.0,0.0,5,0.0,1.0,0.945757522953239,3.2972504004683323,1.0,0.13420485713089955,0.08976126670041167,0.6187670270607514,0.21204020134631302,4.807069658554942,1.0
[synthetic-clean-tree],graph_0124,90,89,0.011111111111111112,0.9888888888888889,1.4259066857768814,4,0.9888888888888889,0.10482201257840673,1,0.0,0.0,0.0,0,0.0,5.657428214731586,8,1,1.0,0.7764140795731214,9,0.0,0.0,0.0,5,0.0,1.0,0.9607397366071277,3.4721219992870074,1.0,0.1510226285653667,0.1177695881995995,0.617410252732032,0.2134182112724612,4.428485540520856,1.0
[synthetic-clean-tree],graph_0125,97,96,0.010309278350515464,0.9896907216494846,1.4748394660906843,4,0.9896907216494846,0.10100988630033722,1,0.0,0.0,0.0,0,0.0,5.748281786941581,8,1,1.0,0.7893283384971259,9,0.0,0.0,0.0,5,0.0,1.0,0.9216617829352751,3.2735424262815087,1.0,0.1441950635357943,0.11572848391701264,0.6509342381265939,0.2074894896161627,4.513009772147191,1.0
[synthetic-clean-tree],graph_0126,185,184,0.005405405405405406,0.9945945945945946,1.4759231551712921,4,0.9945945945945946,0.07332248630405692,1,0.0,0.0,0.0,0,0.0,6.366509988249119,8,1,1.0,0.8589973600038414,13,0.0,0.0,0.0,5,0.0,1.0,0.9225888439893843,3.771912483897506,1.0,0.14222847822080129,0.09642707564889236,0.6422237018731127,0.20470677555405786,5.16224967708899,1.0
[synthetic-clean-tree],graph_0127,180,179,0.005555555555555556,0.9944444444444445,1.5220498685881274,4,0.9944444444444445,0.07432826755699806,1,0.0,0.0,0.0,0,0.0,6.352513966480447,8,1,1.0,0.8553736473226259,11,0.0,0.0,0.0,5,0.0,1.0,0.8945619646442687,3.4032053310825985,1.0,0.14041515456464498,0.09659311398414726,0.6497990837597452,0.2185320397483919,5.128966775440265,1.0
[synthetic-clean-tree],graph_0128,87,86,0.011494252873563218,0.9885057471264368,1.4893819814770755,4,0.9885057471264368,0.10659331604018046,1,0.0,0.0,0.0,0,0.0,5.665330125634857,8,1,1.0,0.7966704136413022,10,0.0,0.0,0.0,5,0.0,1.0,0.9181391414754109,2.9295455047774785,1.0,0.13548112290056868,0.12297650939510285,0.6236221229418762,0.2082410465320763,4.396090443138153,1.0
[synthetic-clean-tree],graph_0129,94,93,0.010638297872340425,0.9893617021276596,1.4695105629778529,4,0.9893617021276596,0.10259202937226548,1,0.0,0.0,0.0,0,0.0,5.726607183710821,8,1,1.0,0.7797491708072202,11,0.0,0.0,0.0,5,0.0,1.0,0.9492614864556832,3.58361730676192,1.0,0.1505638486950216,0.1156969382177255,0.6433247854175315,0.23008858185979064,4.4657884898332085,1.0
[synthetic-clean-tree],graph_0130,76,75,0.013157894736842105,0.9868421052631579,1.4463513172683842,4,0.9868421052631579,0.11395071102426826,1,0.0,0.0,0.0,0,0.0,5.605964912280702,8,1,1.0,0.7576304980136982,9,0.0,0.0,0.0,5,0.0,1.0,0.9635934937751311,3.160493438734051,1.0,0.14622483582686985,0.13574830152822398,0.6503253410628881,0.19685921252070565,4.268141729282295,1.0
[synthetic-clean-tree],graph_0131,149,148,0.006711409395973154,0.9932885906040269,1.4585855256060267,4,0.9932885906040269,0.0816478191986338,1,0.0,0.0,0.0,0,0.0,6.2885906040268456,8,1,1.0,0.8355889649456079,12,0.0,0.0,0.0,5,0.0,1.0,0.9463145739783377,3.7318080396398274,1.0,0.152083945954705,0.11260607310514122,0.6497967918518567,0.2050687071325384,4.945475692867112,1.0
[synthetic-clean-tree],graph_0132,93,92,0.010752688172043012,0.989247311827957,1.4700934331795785,4,0.989247311827957,0.10313616179167141,1,0.0,0.0,0.0,0,0.0,5.712482468443198,8,1,1.0,0.8038036504702537,8,0.0,0.0,0.0,5,0.0,1.0,0.9323310144866468,3.2540418232865456,1.0,0.13459831772756484,0.11589133634190957,0.6575302850857698,0.20580542060071777,4.470208955509005,1.0
[synthetic-clean-tree],graph_0133,162,161,0.006172839506172839,0.9938271604938271,1.442292900083987,4,0.9938271604938271,0.0783245527188242,1,0.0,0.0,0.0,0,0.0,6.3347902768192625,8,1,1.0,0.8474787084571578,13,0.0,0.0,0.0,5,0.0,1.0,0.9428905499363265,3.3380719888581276,1.0,0.14368112253242477,0.10674143231321476,0.6493991175442847,0.20445663604375658,5.029665303510592,1.0
[synthetic-clean-tree],graph_0134,111,110,0.009009009009009009,0.990990990990991,1.467334996144312,4,0.990990990990991,0.0944872836189326,1,0.0,0.0,0.0,0,0.0,6.0877968877968875,8,1,1.0,0.8056462784503003,9,0.0,0.0,0.0,5,0.0,1.0,0.9356195547019144,3.598637702441794,1.0,0.14356685269031524,0.12728168142227053,0.621967348459361,0.2075860590968681,4.644375633054525,1.0
[synthetic-clean-tree],graph_0135,149,148,0.006711409395973154,0.9932885906040269,1.4949429038739173,4,0.9932885906040269,0.0816478191986338,1,0.0,0.0,0.0,0,0.0,6.337565753673136,8,1,1.0,0.827519160952164,10,0.0,0.0,0.0,5,0.0,1.0,0.9168033201422467,3.5471175093157017,1.0,0.13609595830629495,0.12029901484765111,0.640294871634041,0.20152847372606328,4.946299987421742,1.0
[synthetic-clean-tree],graph_0136,154,153,0.006493506493506494,0.9935064935064936,1.496735639527956,4,0.9935064935064936,0.0803202394600843,1,0.0,0.0,0.0,0,0.0,6.351073762838468,8,1,1.0,0.839340879669904,12,0.0,0.0,0.0,5,0.0,1.0,0.9146478175440584,3.6379397149034185,1.0,0.13658192844564415,0.10703317857920046,0.6657626495016107,0.20472319364371241,4.981209207213124,1.0
[synthetic-clean-tree],graph_0137,124,123,0.008064516129032258,0.9919354838709677,1.5053451417657244,4,0.9919354838709677,0.08943981053555984,1,0.0,0.0,0.0,0,0.0,6.259506949908209,8,1,1.0,0.8080133312746939,10,0.0,0.0,0.0,5,0.0,1.0,0.9406721742200364,3.4151381285338567,1.0,0.15154476950251417,0.12320396216512061,0.6226049531652733,0.21790018792293608,4.749271769268138,1.0
[synthetic-clean-tree],graph_0138,123,122,0.008130081300813009,0.991869918699187,1.5486471145867546,4,0.991869918699187,0.08979968306656307,1,0.0,0.0,0.0,0,0.0,6.14207650273224,8,1,1.0,0.80690999523843,9,0.0,0.0,0.0,5,0.0,1.0,0.8913125175579586,3.3368356964865113,1.0,0.1427161265500398,0.11076436192673272,0.6358434630942538,0.20916129871852687,4.748220331801199,1.0
[synthetic-clean-tree],graph_0139,126,125,0.007936507936507936,0.9920634920634921,1.4880264534367282,4,0.9920634920634921,0.08873285624999165,1,0.0,0.0,0.0,0,0.0,6.117587301587301,8,1,1.0,0.8061158824278343,10,0.0,0.0,0.0,5,0.0,1.0,0.9242894601461098,3.057767335941881,1.0,0.14555279801140444,0.10609747610972986,0.6011685253684909,0.2154199544069908,4.7630266712812865,1.0
[synthetic-clean-tree],graph_0140,141,140,0.0070921985815602835,0.9929078014184397,1.4755523254897762,4,0.9929078014184397,0.08391602529219315,1,0.0,0.0,0.0,0,0.0,6.2405268490374874,8,1,1.0,0.8365522134917555,10,0.0,0.0,0.0,5,0.0,1.0,0.9307153026626249,3.277123366870735,1.0,0.13482716398267977,0.10778614640009779,0.6076282459127216,0.2141449787522033,4.878292666479343,1.0
[synthetic-clean-tree],graph_0141,172,171,0.005813953488372093,0.9941860465116279,1.5077208003799387,4,0.9941860465116279,0.07602730715477918,1,0.0,0.0,0.0,0,0.0,6.403780769753842,8,1,1.0,0.8478345255342025,12,0.0,0.0,0.0,5,0.0,1.0,0.9118302011424035,3.541908529895319,1.0,0.1387930443357967,0.10865204972105735,0.681154836548865,0.2117910948453981,5.089889194585723,1.0
[synthetic-clean-tree],graph_0142,66,65,0.015151515151515152,0.9848484848484849,1.4615519381644466,4,0.9848484848484849,0.12215542042876588,1,0.0,0.0,0.0,0,0.0,5.514219114219114,8,1,1.0,0.7406771127219058,8,0.0,0.0,0.0,5,0.0,1.0,0.964130038036918,3.321723467633641,1.0,0.16202411492387353,0.12855292982614655,0.6942861190014696,0.21033639367792759,4.1262707756863755,1.0
[synthetic-clean-tree],graph_0143,164,163,0.006097560975609756,0.9939024390243902,1.4836382079015324,4,0.9939024390243902,0.07784844716343724,1,0.0,0.0,0.0,0,0.0,6.357249738141554,8,1,1.0,0.8420329878395477,12,0.0,0.0,0.0,5,0.0,1.0,0.9300469088955855,3.449028350085743,1.0,0.14375478520454568,0.10855463740520223,0.6607730316176158,0.2117998495372593,5.040286243359676,1.0
[synthetic-clean-tree],graph_0144,68,67,0.014705882352941176,0.9852941176470589,1.5576438377432484,4,0.9852941176470589,0.12037283488047724,1,0.0,0.0,0.0,0,0.0,5.549604916593503,8,1,1.0,0.7520402726108167,10,0.0,0.0,0.0,5,0.0,1.0,0.913107532608668,3.747102326734025,1.0,0.1354665911418245,0.14710723433918255,0.6839743481668198,0.2274505558780041,4.146423427086823,1.0
[synthetic-clean-tree],graph_0145,91,90,0.01098901098901099,0.989010989010989,1.5154479662267457,4,0.989010989010989,0.10425091187368281,1,0.0,0.0,0.0,0,0.0,5.651282051282052,8,1,1.0,0.7670166146381423,9,0.0,0.0,0.0,5,0.0,1.0,0.9071910607381279,3.3983031769848915,1.0,0.14749133320643498,0.11227709737726675,0.6507923763782894,0.2013681998499174,4.450357521641448,1.0
[synthetic-clean-tree],graph_0146,78,77,0.01282051282051282,0.9871794871794872,1.5316623259076607,4,0.9871794871794872,0.11249954342810412,1,0.0,0.0,0.0,0,0.0,5.445221445221446,8,1,1.0,0.768429273965024,11,0.0,0.0,0.0,5,0.0,1.0,0.9346095678487304,3.5002725487713864,1.0,0.1522921560798414,0.1222282823766559,0.6445522726279809,0.22281210672125762,4.283295602741624,1.0
[synthetic-clean-tree],graph_0147,165,164,0.006060606060606061,0.9939393939393939,1.5035189821416417,4,0.9939393939393939,0.07761362712039818,1,0.0,0.0,0.0,0,0.0,6.246563192904656,8,1,1.0,0.8491853273982094,11,0.0,0.0,0.0,5,0.0,1.0,0.8926693945136277,3.5685400873091577,1.0,0.1409553500505725,0.09347663290311842,0.6521395299822832,0.21296154621671917,5.043755264029536,1.0
[synthetic-clean-tree],graph_0148,166,165,0.006024096385542169,0.9939759036144579,1.4989835429616853,4,0.9939759036144579,0.07738091914858514,1,0.0,0.0,0.0,0,0.0,6.371887550200803,8,1,1.0,0.8456437045089572,13,0.0,0.0,0.0,5,0.0,1.0,0.9228249216139333,3.6612036505533183,1.0,0.14422549374075497,0.09760618235407786,0.6646490428172982,0.1982801304324049,5.059849214948309,1.0
[synthetic-clean-tree],graph_0149,156,155,0.00641025641025641,0.9935897435897436,1.4119308241562327,4,0.9935897435897436,0.07980704870505599,1,0.0,0.0,0.0,0,0.0,6.309346567411083,8,1,1.0,0.8318634239593828,14,0.0,0.0,0.0,5,0.0,1.0,0.9625109167208167,3.8616274633199317,1.0,0.14841904279686075,0.11314099776689517,0.6893240168520111,0.21548249098561872,4.991395658955439,1.0
[synthetic-tangled],graph_0150,50,386,0.15755102040816327,7.72,2.764344406907359,14,7.72,2.6156452358834903,15,-0.03577741038629097,0.28998607360991263,0.28667894413750766,1000,2.5906735751295336,1.7142857142857142,3,1,1.0,0.15114045369293455,3,0.0,0.0,0.0,6,0.5699481865284974,0.44041450777202074,1.765735683009669,3.0,0.12694300518134716,0.5682560844720499,0.2765072964493277,0.2542046071757978,0.14518554896049396,5.766604591304798,0.0
[synthetic-tangled],graph_0151,50,380,0.15510204081632653,7.6,2.209072203437452,12,7.6,2.4248711305964283,13,-0.016773577167517276,0.28327050950425564,0.2827586206896552,1000,2.6315789473684212,1.7240816326530612,3,1,1.0,0.1705448723166349,3,0.0,0.0,0.0,6,0.5526315789473685,0.3868421052631579,1.6609887690011378,4.0,0.12894736842105264,0.5459511011544165,0.24214704620906152,0.24983828325145405,0.13674191169166286,5.769640441628967,0.0
[synthetic-tangled],graph_0152,50,391,0.15959183673469388,7.82,2.635830040044312,14,7.82,2.6206106158679887,17,-0.046422832691747684,0.2893444974358287,0.2952095808383233,1000,2.557544757033248,1.7151020408163264,3,1,1.0,0.14977537188842507,4,0.0,0.0,0.0,6,0.5370843989769821,0.4219948849104859,1.754786433395336,3.0,0.12531969309462915,0.5215744914743312,0.2728937396321096,0.2697269382240642,0.13949424248066564,5.813856749710278,0.0
[synthetic-tangled],graph_0153,50,351,0.14326530612244898,7.02,2.71654191942624,12,7.02,2.0048940121612415,12,0.045131149590830505,0.27177296886120417,0.2682095006090134,1000,2.849002849002849,1.7583673469387755,3,1,1.0,0.16956760677611227,4,0.0,0.0,0.0,6,0.5868945868945868,0.4131054131054131,1.7144972397867568,3.0,0.1396011396011396,0.5729039935457692,0.2529305134981188,0.2562088733993408,0.14401643254367588,5.68023737110034,0.0
[synthetic-tangled],graph_0154,50,377,0.15387755102040818,7.54,2.16527134558235,12,7.54,2.6624049278800546,14,0.007647765244065491,0.2798948330651117,0.28633975481611207,1000,2.6525198938992043,1.7379591836734694,3,1,1.0,0.16064250408029768,4,0.0,0.0,0.0,6,0.5119363395225465,0.4270557029177719,1.7570591232559987,3.0,0.129973474801061,0.5765692833814073,0.25582613623238665,0.2567513257669071,0.15079507982590631,5.73590756351895,0.0
[synthetic-tangled],graph_0155,50,361,0.1473469387755102,7.22,2.48427051667084,12,7.22,2.6022298130641732,14,0.023899618387911235,0.25609759847995145,0.26047904191616766,1000,2.770083102493075,1.7412244897959184,3,1,1.0,0.18178678743326349,4,0.0,0.0,0.0,6,0.5373961218836565,0.3878116343490305,1.7623867435132485,4.0,0.13573407202216067,0.5628897636172729,0.281212439353448,0.2513894112350056,0.13857091090553678,5.720379560271098,0.0
[synthetic-tangled],graph_0156,50,377,0.15387755102040818,7.54,2.359745749016194,13,7.54,2.3169807940507408,13,-0.013439932702119392,0.27959903168726696,0.28085106382978725,1000,2.6525198938992043,1.723265306122449,3,1,1.0,0.15113367911806824,4,0.0,0.0,0.0,6,0.5490716180371353,0.4217506631299735,1.7657356830096689,3.0,0.129973474801061,0.5703691042283118,0.25453230285961376,0.2657409892822736,0.13746432954250196,5.775071163558758,0.0
[synthetic-tangled],graph_0157,50,393,0.16040816326530613,7.86,2.227195545972558,12,7.86,2.4084019598065436,14,-0.034400750261060244,0.28494158696480676,0.2831705916140149,1000,2.544529262086514,1.7053061224489796,3,1,1.0,0.14763521302584215,4,0.0,0.0,0.0,6,0.5903307888040712,0.42493638676844786,1.7483366910682094,3.0,0.12468193384223919,0.5034171676244559,0.24600411253964805,0.2569404871567214,0.13492396547330743,5.817326793206539,0.0
[synthetic-tangled],graph_0158,50,371,0.15142857142857144,7.42,2.6988145545776203,13,7.42,3.066528982416439,15,0.028480512271510088,0.3050590132261959,0.3058341862845445,1000,2.6954177897574123,1.733877551020408,3,1,1.0,0.11736151887885087,4,0.0,0.0,0.0,6,0.48517520215633425,0.4339622641509434,1.7443906985796849,3.0,0.1320754716981132,0.5427806434833967,0.23117747766187763,0.2617540118894335,0.1411935886720108,5.7488016723841255,0.0
[synthetic-tangled],graph_0159,50,345,0.14081632653061224,6.9,2.5787593916455256,13,6.9,2.570992026436488,15,-0.06522871542593663,0.2580497972959273,0.2566568047337278,1000,2.898550724637681,1.763265306122449,3,1,1.0,0.17835189173332627,4,0.0,0.0,0.0,6,0.5478260869565217,0.40869565217391307,1.718183074133435,4.0,0.14202898550724638,0.5580965768021883,0.24999098340426437,0.25121618457282224,0.14305634442736442,5.6621856803011825,0.0
[synthetic-tangled],graph_0160,50,369,0.15061224489795919,7.38,2.8134676113294783,14,7.38,2.305558500667463,12,-0.041566825169221874,0.2721136098163962,0.26532399299474607,1000,2.710027100271003,1.7355102040816326,3,1,1.0,0.19652011616913084,4,0.0,0.0,0.0,6,0.5691056910569106,0.36585365853658536,1.7331360708323849,4.0,0.13279132791327913,0.5454589809805384,0.23545987052567205,0.2521151083553116,0.14586909948630739,5.718686012419315,0.0
[synthetic-tangled],graph_0161,50,363,0.14816326530612245,7.26,2.598538050519946,13,7.26,2.243301138946798,13,0.06692608834196705,0.27317039960383616,0.27077457149056194,1000,2.7548209366391183,1.733877551020408,3,1,1.0,0.17287277465950696,4,0.0,0.0,0.0,6,0.6143250688705234,0.4462809917355372,1.7215532200862609,3.0,0.1349862258953168,0.5375860415994055,0.2726015524280796,0.2647341432194351,0.14492055463466222,5.718778576962027,0.0
[synthetic-tangled],graph_0162,50,382,0.15591836734693879,7.64,2.2249494376277412,14,7.64,2.6287639681036405,14,0.01675772364341555,0.2901525852888082,0.29961993243243246,1000,2.6178010471204187,1.7330612244897958,3,1,1.0,0.1922635194282536,4,0.0,0.0,0.0,6,0.5942408376963351,0.4162303664921466,1.7138337603471272,3.0,0.12827225130890052,0.558950342515053,0.25245460380082324,0.2586499274970273,0.14375859669898658,5.769785375297181,0.0
[synthetic-tangled],graph_0163,50,376,0.15346938775510205,7.52,2.376888722679293,14,7.52,2.351510153071851,13,-0.16356076649752294,0.2874942980995613,0.2826825127334465,1000,2.6595744680851063,1.7248979591836735,3,1,1.0,0.16020701173397064,4,0.0,0.0,0.0,6,0.5186170212765957,0.43351063829787234,1.7435863499335886,3.0,0.13031914893617022,0.5253155514827664,0.23892309726808014,0.2729564370326608,0.14091162608943636,5.776719223927662,0.0
[synthetic-tangled],graph_0164,50,377,0.15387755102040818,7.54,2.4512037858978593,13,7.54,2.6321854038042227,14,-0.006366005430577142,0.2865933940500504,0.2812302506846429,1000,2.6525198938992043,1.729795918367347,3,1,1.0,0.16807254437135605,4,0.0,0.0,0.0,6,0.5305039787798409,0.4376657824933687,1.77870948581895,3.0,0.129973474801061,0.5686739692852271,0.26015331554898646,0.2485169133897215,0.1422064290460297,5.748001693860969,0.0
[synthetic-tangled],graph_0165,50,347,0.1416326530612245,6.94,2.0040958060931118,12,6.94,2.0140506448448607,11,-0.16125713001475367,0.2650403322168028,0.2627576054955839,1000,2.881844380403458,1.750204081632653,3,1,1.0,0.1689941988734055,4,0.0,0.0,0.0,6,0.553314121037464,0.39481268011527376,1.628670382107947,4.0,0.14121037463976946,0.47860649161054936,0.26000757669135466,0.2510539362679236,0.14529711349445934,5.657814666747731,0.0
[synthetic-tangled],graph_0166,50,363,0.14816326530612245,7.26,2.047535103484187,16,7.26,2.718896835115301,16,0.03670848238506176,0.2686478253428718,0.26800963433326036,1000,2.7548209366391183,1.7273469387755103,3,1,1.0,0.18075345416822775,3,0.0,0.0,0.0,6,0.5619834710743802,0.40771349862258954,1.7829396499840366,4.0,0.1349862258953168,0.4844533800466509,0.24877354625064982,0.24830128547347644,0.14489110648024686,5.699944989918481,0.0
[synthetic-tangled],graph_0167,50,362,0.14775510204081632,7.24,2.404662138430262,14,7.24,2.929573347776089,16,0.044162305878649985,0.30218404729085846,0.29974215728405673,1000,2.7624309392265194,1.7363265306122448,3,1,1.0,0.16751804290645178,4,0.0,0.0,0.0,6,0.5773480662983426,0.48066298342541436,1.7854462014347525,4.0,0.13535911602209943,0.5479837616244481,0.28134035230726345,0.25535392227495607,0.14714166076618512,5.699818591312484,0.0
[synthetic-tangled],graph_0168,50,388,0.15836734693877552,7.76,2.825314141825648,18,7.76,2.25884926455928,12,-0.052861441456662286,0.30979795625770856,0.31001589825119236,1000,2.577319587628866,1.7208163265306122,3,1,1.0,0.1905995532394004,3,0.0,0.0,0.0,6,0.5335051546391752,0.48195876288659795,1.7380937076209988,5.0,0.12628865979381443,0.5251339034441367,0.2903948365112206,0.2532091677957549,0.13905453717484378,5.788099821100198,0.0
[synthetic-tangled],graph_0169,50,342,0.13959183673469389,6.84,2.411306699696246,12,6.84,2.5950722533293753,15,0.002108065611883677,0.2749042914429911,0.2758703481392557,1000,2.9239766081871346,1.7640816326530613,3,1,1.0,0.1614536277283732,3,0.0,0.0,0.0,6,0.5526315789473685,0.391812865497076,1.7854462014347525,4.0,0.14327485380116958,0.5392370838460099,0.25166425660964487,0.2594013565389797,0.14184112452435993,5.665300410492796,0.0
[synthetic-tangled],graph_0170,50,339,0.1383673469387755,6.78,2.119339519756096,13,6.78,2.5321137415211035,14,-0.07470878438439338,0.24104634907576084,0.24437979370536894,1000,2.949852507374631,1.7648979591836735,3,1,1.0,0.1653296160643568,3,0.0,0.0,0.0,6,0.5693215339233039,0.415929203539823,1.766616907678335,3.0,0.14454277286135694,0.5694219518299068,0.2310266178734707,0.256753387277026,0.14156907368768595,5.653086262116103,0.0
[synthetic-tangled],graph_0171,50,379,0.1546938775510204,7.58,2.6312734559524595,14,7.58,2.5697470692657673,14,-0.07006221606656086,0.28900237103797477,0.2851664984863774,1000,2.638522427440633,1.713469387755102,3,1,1.0,0.18001327038871065,3,0.0,0.0,0.0,6,0.5672823218997362,0.47757255936675463,1.7829396499840364,3.0,0.12928759894459102,0.5172208018981082,0.2341312682511887,0.2514334068497417,0.14061789039285047,5.7629867080027894,0.0
[synthetic-tangled],graph_0172,50,424,0.1730612244897959,8.48,2.8582512135919753,16,8.48,2.467711490429949,13,-0.07855002214537407,0.2993077309687217,0.30054249547920436,1000,2.358490566037736,1.6922448979591838,3,1,1.0,0.16246338024058427,3,0.0,0.0,0.0,6,0.5542452830188679,0.42924528301886794,1.770152075686501,3.0,0.11556603773584906,0.5421145712155275,0.2781465764217066,0.25039031786185745,0.14391696750632768,5.860670834975519,0.0
[synthetic-tangled],graph_0173,50,356,0.14530612244897959,7.12,1.914575671003891,13,7.12,2.8045677028732965,13,-0.03527480301479717,0.27744249695952483,0.27099409895596915,1000,2.808988764044944,1.7412244897959184,3,1,1.0,0.16925406869653062,4,0.0,0.0,0.0,6,0.5617977528089888,0.42696629213483145,1.7475746160207652,4.0,0.13764044943820225,0.5190092545343896,0.2781608401580679,0.25776362038071926,0.14633979454451426,5.693399845541933,0.0
[synthetic-tangled],graph_0174,50,386,0.15755102040816327,7.72,2.4003333101883997,13,7.72,2.315512902145008,14,-0.04668126082796248,0.27125562157141103,0.26929530201342283,1000,2.5906735751295336,1.723265306122449,3,1,1.0,0.17428779488343127,4,0.0,0.0,0.0,6,0.5362694300518135,0.40932642487046633,1.6848425933651117,3.0,0.12694300518134716,0.5019421687090521,0.24733238060715726,0.2572467115099208,0.13990504070286403,5.788004672267814,0.0
[synthetic-tangled],graph_0175,50,371,0.15142857142857144,7.42,2.1641626556245717,12,7.42,2.06,12,-0.04011207411033532,0.26213883708310953,0.262400354295837,1000,2.6954177897574123,1.7248979591836735,3,1,1.0,0.15021563368661422,4,0.0,0.0,0.0,6,0.5633423180592992,0.42857142857142855,1.7753393398661241,4.0,0.1320754716981132,0.6012259415154468,0.276521713377042,0.2680041640144264,0.1398678823454522,5.75795604667183,0.0
[synthetic-tangled],graph_0176,50,377,0.15387755102040818,7.54,2.55507338446472,13,7.54,2.6848463643195677,16,0.07096553696556132,0.27981779331779333,0.2830070803831737,1000,2.6525198938992043,1.726530612244898,3,1,1.0,0.15954601377666205,4,0.0,0.0,0.0,6,0.5490716180371353,0.4217506631299735,1.7072308781266334,3.0,0.129973474801061,0.5286782255582305,0.2359927482106052,0.24785573416824686,0.13973531562765082,5.750528991209661,0.0
[synthetic-tangled],graph_0177,50,373,0.15224489795918367,7.46,2.299652147608416,13,7.46,2.5156311335328954,13,-0.070279550247242,0.27538294677458763,0.2727272727272727,1000,2.680965147453083,1.7404081632653061,3,1,1.0,0.18301411931795133,4,0.0,0.0,0.0,6,0.5093833780160858,0.42091152815013405,1.7257833842513475,4.0,0.13136729222520108,0.5501943589925387,0.2567651293179679,0.2544998065719348,0.1412804054970038,5.74805283539601,0.0
[synthetic-tangled],graph_0178,50,338,0.13795918367346938,6.76,2.2764885240211514,14,6.76,2.3963305281200253,12,0.03479350549785575,0.2530548699666347,0.2551490186576206,1000,2.9585798816568047,1.76,3,1,1.0,0.1549697810688226,4,0.0,0.0,0.0,6,0.5532544378698225,0.42011834319526625,1.7672851344458484,4.0,0.14497041420118342,0.5477639511626093,0.26423927445756706,0.24928986720821977,0.13865053233277047,5.649783555692733,0.0
[synthetic-tangled],graph_0179,50,403,0.16448979591836735,8.06,3.0093853192969493,15,8.06,2.618472837361503,15,-0.00731729227353438,0.311487557849787,0.3091321610890527,1000,2.4813895781637716,1.713469387755102,3,1,1.0,0.15620593459961657,4,0.0,0.0,0.0,6,0.5880893300248139,0.38461538461538464,1.6510994064141944,4.0,0.12158808933002481,0.564866865668578,0.2170233028284563,0.25359463461638226,0.14021386043144518,5.824440750579582,0.0
[synthetic-tangled],graph_0180,50,348,0.14204081632653062,6.96,2.262388118780683,13,6.96,2.4976789225198663,12,0.11044466140045439,0.26927645883528234,0.26748768472906403,1000,2.8735632183908044,1.7551020408163265,3,1,1.0,0.18387315047413244,3,0.0,0.0,0.0,6,0.5603448275862069,0.39655172413793105,1.750962392140147,4.0,0.14080459770114942,0.5591286590448952,0.2619831797668186,0.26808441202309263,0.14168029654184833,5.692380564911699,0.0
[synthetic-tangled],graph_0181,50,389,0.15877551020408162,7.78,2.7661525626761803,16,7.78,2.4842705166708394,14,-0.012363918332603327,0.2751724905641314,0.27738879736408567,1000,2.570694087403599,1.716734693877551,3,1,1.0,0.18205770077003589,4,0.0,0.0,0.0,6,0.5989717223650386,0.4241645244215938,1.7733359931275814,3.0,0.12596401028277635,0.572215981398474,0.2778763905616051,0.2533023601765767,0.14461236974746094,5.778548923074744,0.0
[synthetic-tangled],graph_0182,50,380,0.15510204081632653,7.6,2.835489375751565,16,7.6,2.6981475126464085,14,-0.04454540837727174,0.2740012587956457,0.2723307021188201,1000,2.6315789473684212,1.7208163265306122,3,1,1.0,0.11556601301769803,4,0.0,0.0,0.0,6,0.5763157894736842,0.4236842105263158,1.6831839745113373,4.0,0.12894736842105264,0.5253555756755215,0.2656494549411871,0.24234450129899235,0.1429458786323108,5.742134398165452,0.0
[synthetic-tangled],graph_0183,50,375,0.15306122448979592,7.5,2.1840329667841556,13,7.5,2.640075756488817,14,0.0014477567036223777,0.2882055397303075,0.28250539956803455,1000,2.6666666666666665,1.7330612244897958,3,1,1.0,0.19490138804028675,5,0.0,0.0,0.0,6,0.632,0.44266666666666665,1.7380097957872713,3.0,0.13066666666666665,0.5544795992031821,0.2815018547476578,0.25264322124452215,0.14029339261737558,5.753688119936281,0.0
[synthetic-tangled],graph_0184,50,362,0.14775510204081632,7.24,2.3286047324524617,12,7.24,2.634843448859913,14,0.008875379443897354,0.28138010183830614,0.2795918367346939,1000,2.7624309392265194,1.7428571428571429,3,1,1.0,0.14701003470737084,4,0.0,0.0,0.0,6,0.5441988950276243,0.39502762430939226,1.7331360708323849,4.0,0.13535911602209943,0.5471315016189323,0.2789778978160272,0.2675822026038545,0.1378101101253192,5.738743574826743,0.0
[synthetic-tangled],graph_0185,50,353,0.14408163265306123,7.06,2.501279672487665,13,7.06,2.4771758112818714,13,0.038751957236458495,0.2844495308612956,0.28547815820543093,1000,2.8328611898016995,1.7526530612244897,3,1,1.0,0.17446918277106624,3,0.0,0.0,0.0,6,0.5750708215297451,0.4192634560906516,1.7215532200862604,4.0,0.1388101983002833,0.5385987790463385,0.25679538246528977,0.2748538462900173,0.13898076373963303,5.719708128367525,0.0
[synthetic-tangled],graph_0186,50,359,0.14653061224489797,7.18,2.6958486604407152,12,7.18,2.169700440152972,12,0.018645040410607397,0.26883919606365425,0.267595818815331,1000,2.785515320334262,1.7485714285714287,3,1,1.0,0.17512793236654517,5,0.0,0.0,0.0,6,0.5069637883008357,0.3983286908077994,1.7144972397867568,3.0,0.13649025069637882,0.5351513570546349,0.24855098435232045,0.26484419460370995,0.14116383769868732,5.718763399805265,0.0
[synthetic-tangled],graph_0187,50,367,0.14979591836734693,7.34,2.2769277546729496,12,7.34,2.478790027412568,16,0.07450010215108639,0.2939111567826738,0.2920181700194679,1000,2.7247956403269753,1.7404081632653061,3,1,1.0,0.16215094179881806,5,0.0,0.0,0.0,6,0.553133514986376,0.4196185286103542,1.7161563717693713,3.0,0.1335149863760218,0.6161820442619582,0.25504367675693035,0.25445362577929564,0.14325239109911087,5.726320194074048,0.0
[synthetic-tangled],graph_0188,50,349,0.14244897959183672,6.98,2.3789913829183997,15,6.98,2.36211769393483,15,-0.03577248447015516,0.24938116510252734,0.25288184438040345,1000,2.865329512893983,1.7526530612244897,3,1,1.0,0.14070853220635304,4,0.0,0.0,0.0,6,0.5816618911174785,0.4383954154727794,1.7307987756360534,4.0,0.14040114613180515,0.5258385411739814,0.2438796772606788,0.2551190886387313,0.14019117485185842,5.6852028242666535,0.0
[synthetic-tangled],graph_0189,50,358,0.14612244897959184,7.16,2.6933993391251883,14,7.16,2.852086955196142,15,0.05147369055245337,0.28142366542985736,0.2783650458069063,1000,2.793296089385475,1.749387755102041,3,1,1.0,0.17645414713423319,3,0.0,0.0,0.0,6,0.6201117318435754,0.41620111731843573,1.7854462014347525,3.0,0.13687150837988826,0.5586023633378402,0.2609798737737259,0.2581957373047629,0.1466507884434361,5.69661847433549,0.0
[synthetic-tangled],graph_0190,50,392,0.16,7.84,2.4524273689550933,16,7.84,2.2123290894439736,16,0.0395031260194175,0.29472011820309035,0.2940588117623525,1000,2.5510204081632653,1.716734693877551,3,1,1.0,0.1662853931830083,4,0.0,0.0,0.0,6,0.49744897959183676,0.4362244897959184,1.738009795787271,3.0,0.125,0.4944008666655942,0.2621186023371801,0.24404160267800565,0.13786012066433706,5.794337779764227,0.0
[synthetic-tangled],graph_0191,50,356,0.14530612244897959,7.12,2.768681996907554,13,7.12,2.4136279746472944,14,-0.019277530505877362,0.28360502947345057,0.2786250853630776,1000,2.808988764044944,1.7436734693877551,3,1,1.0,0.15667935400214994,4,0.0,0.0,0.0,6,0.5870786516853933,0.41853932584269665,1.7527830866567933,4.0,0.13764044943820225,0.5644324002411839,0.2557679450866748,0.24905969693318572,0.14305323820413895,5.6894859413634435,0.0
[synthetic-tangled],graph_0192,50,359,0.14653061224489797,7.18,2.519444383192453,12,7.18,2.710645679538364,12,0.049338492630114396,0.26859620685472074,0.2683790965456156,1000,2.785515320334262,1.733877551020408,3,1,1.0,0.16354131961244867,4,0.0,0.0,0.0,6,0.5793871866295265,0.4456824512534819,1.7538293333807995,4.0,0.13649025069637882,0.5373355526904755,0.2585658906114482,0.26322946161602523,0.13918239974007868,5.727392449159737,0.0
[synthetic-tangled],graph_0193,50,370,0.1510204081632653,7.4,2.513961017995307,14,7.4,2.2,11,0.047267118432955106,0.29036343240522805,0.28393690291046436,1000,2.7027027027027026,1.7412244897959184,3,1,1.0,0.15256546731174683,4,0.0,0.0,0.0,6,0.5567567567567567,0.4297297297297297,1.7807128325574926,4.0,0.13243243243243244,0.49407108345545253,0.2505074308565913,0.2565603058428731,0.14281184424302246,5.738362010970102,0.0
[synthetic-tangled],graph_0194,50,376,0.15346938775510205,7.52,2.5786818338057915,14,7.52,2.531718783751465,13,-0.051891910898110745,0.26754381222492674,0.2702583351733274,1000,2.6595744680851063,1.7420408163265306,3,1,1.0,0.15207597051251193,4,0.0,0.0,0.0,6,0.5478723404255319,0.46808510638297873,1.7697916858965643,4.0,0.13031914893617022,0.5361624921563234,0.2729809986870989,0.24435814139862422,0.13910771836039584,5.7461763197855635,0.0
[synthetic-tangled],graph_0195,50,374,0.1526530612244898,7.48,2.2648620267027306,13,7.48,2.247131504830102,14,-0.06528067107360488,0.28451915387673904,0.2885506287227002,1000,2.6737967914438503,1.7387755102040816,3,1,1.0,0.15214395605881342,4,0.0,0.0,0.0,6,0.5320855614973262,0.44385026737967914,1.736344141122339,3.0,0.13101604278074866,0.5219906611146581,0.2764333341980406,0.24293531058827872,0.14079627288185909,5.737217725675178,0.0
[synthetic-tangled],graph_0196,50,347,0.1416326530612245,6.94,2.361440238498531,12,6.94,2.3529555881911586,13,0.017212744448735086,0.2563668124101561,0.25752674794725056,1000,2.881844380403458,1.7608163265306123,3,1,1.0,0.1660854960255145,3,0.0,0.0,0.0,6,0.5965417867435159,0.4034582132564842,1.7800727087433836,4.0,0.14121037463976946,0.5719652215863684,0.2674942100911895,0.25189502668782454,0.14770838527577215,5.652675703418832,0.0
[synthetic-tangled],graph_0197,50,377,0.15387755102040818,7.54,2.7583328298086145,14,7.54,2.5156311335328954,14,-0.029509954381246165,0.28470684767588794,0.27555555555555555,1000,2.6525198938992043,1.733877551020408,3,1,1.0,0.14695169719859263,3,0.0,0.0,0.0,6,0.5755968169761273,0.3793103448275862,1.734340794383796,4.0,0.129973474801061,0.49626615087067855,0.2291870008912948,0.2611370324338465,0.1395833365380494,5.769789034199144,0.0
[synthetic-tangled],graph_0198,50,367,0.14979591836734693,7.34,2.1034257771549725,13,7.34,2.6352229507197302,13,-0.01807696160714249,0.27210616748232846,0.2692307692307692,1000,2.7247956403269753,1.7412244897959184,3,1,1.0,0.172755578753785,4,0.0,0.0,0.0,6,0.6103542234332425,0.4141689373297003,1.7089833910177619,3.0,0.1335149863760218,0.5073300617043115,0.2605135677365756,0.25109933239883847,0.1442413609498332,5.716696971682964,0.0
[synthetic-tangled],graph_0199,50,354,0.14448979591836736,7.08,2.4806450773941844,12,7.08,2.504715552712523,13,0.006863548583114981,0.2567953236993485,0.2593144560357675,1000,2.824858757062147,1.756734693877551,3,1,1.0,0.16838925536993488,4,0.0,0.0,0.0,6,0.5677966101694916,0.4519774011299435,1.7365062167852108,4.0,0.1384180790960452,0.5406895817058948,0.22925434511991397,0.24905138768647656,0.13720371623215735,5.700187824227379,0.0
[synthetic-tangled],graph_0200,50,359,0.14653061224489797,7.18,2.710645679538364,14,7.18,2.4223129442745424,13,-0.06586353114902525,0.2765111278470411,0.27260211106011933,1000,2.785515320334262,1.7453061224489796,3,1,1.0,0.1625445336025051,4,0.0,0.0,0.0,6,0.5487465181058496,0.4011142061281337,1.734520500213224,4.0,0.13649025069637882,0.540139157242944,0.23298145078417662,0.25288326789864113,0.1344006054492577,5.724289555482664,0.0
[synthetic-tangled],graph_0201,50,363,0.14816326530612245,7.26,2.356353114454623,11,7.26,2.2610616975217637,11,-0.1290343607497515,0.28738745499426616,0.27860475449900024,1000,2.7548209366391183,1.7404081632653061,3,1,1.0,0.1517403526665179,3,0.0,0.0,0.0,6,0.6143250688705234,0.4380165289256198,1.7739761169416903,4.0,0.1349862258953168,0.5386687072245063,0.2542152040976966,0.2719364364709705,0.14516159554988456,5.726920502383461,0.0
[synthetic-tangled],graph_0202,50,334,0.1363265306122449,6.68,2.4284974778656863,12,6.68,2.44491308638978,13,-0.04986921108358413,0.2550312035745472,0.251487290427258,1000,2.9940119760479043,1.7885714285714285,3,1,1.0,0.1673786880683306,3,0.0,0.0,0.0,6,0.5868263473053892,0.45209580838323354,1.7237566818872838,4.0,0.1467065868263473,0.5894689763058688,0.26062875805279767,0.2572352134253967,0.14314648749382017,5.6337365386529825,0.0
[synthetic-tangled],graph_0203,50,385,0.15714285714285714,7.7,2.2293496809607953,16,7.7,2.7658633371878665,14,0.018562371083315616,0.2928398674432461,0.2988679245283019,1000,2.5974025974025974,1.7069387755102041,3,1,1.0,0.12455872029859863,4,0.0,0.0,0.0,6,0.5974025974025974,0.42597402597402595,1.7854462014347523,3.0,0.12727272727272726,0.5818787485433526,0.23378643763816975,0.2576359092000673,0.14408931695935295,5.77246752832962,0.0
[synthetic-tangled],graph_0204,50,369,0.15061224489795919,7.38,2.382351779229927,11,7.38,2.5130857526156962,13,-0.006920189987749531,0.2703549637497006,0.27148392979256897,1000,2.710027100271003,1.7314285714285715,3,1,1.0,0.1567922044037508,4,0.0,0.0,0.0,6,0.5420054200542005,0.4281842818428184,1.750962392140147,4.0,0.13279132791327913,0.5302093859115398,0.23602377918112777,0.2581295808651598,0.1367382114094233,5.749695460108813,0.0
[synthetic-tangled],graph_0205,50,372,0.15183673469387754,7.44,2.562498780487515,15,7.44,2.5546819762937223,14,-0.017738424316679748,0.27999495662949697,0.27915710411016065,1000,2.6881720430107525,1.723265306122449,3,1,1.0,0.15879463643371175,4,0.0,0.0,0.0,6,0.5618279569892473,0.4381720430107527,1.7509623921401467,3.0,0.13172043010752688,0.6105238443405342,0.23369011101117715,0.25553492278535184,0.13732481538428665,5.754982355052677,0.0
[synthetic-tangled],graph_0206,50,348,0.14204081632653062,6.96,2.3320377355437456,12,6.96,2.5919876542915863,13,-0.07228829333506165,0.2529604140269775,0.2566074002883229,1000,2.8735632183908044,1.753469387755102,3,1,1.0,0.20231478829897662,4,0.0,0.0,0.0,6,0.5316091954022989,0.3620689655172414,1.7272636076278869,3.0,0.14080459770114942,0.4939536737042769,0.2398722568549117,0.265260688952635,0.1488621584086946,5.670051206729212,0.0
[synthetic-tangled],graph_0207,50,344,0.1404081632653061,6.88,2.558437022871581,13,6.88,2.065332902948094,14,-0.09568686120451876,0.2591154390844793,0.25192604006163327,1000,2.9069767441860463,1.7624489795918368,3,1,1.0,0.2002407614517567,4,0.0,0.0,0.0,6,0.561046511627907,0.4069767441860465,1.7733359931275812,4.0,0.14244186046511628,0.5099225106576761,0.2759125460448138,0.2528399527430846,0.14401960756116383,5.654934311839366,0.0
[synthetic-tangled],graph_0208,50,373,0.15224489795918367,7.46,3.0738249787520435,14,7.46,2.393407612589214,14,-0.084003165595417,0.30230256699821917,0.2985288107887209,1000,2.680965147453083,1.7322448979591836,3,1,1.0,0.1635270133578906,4,0.0,0.0,0.0,6,0.5656836461126006,0.4262734584450402,1.7672851344458484,3.0,0.13136729222520108,0.608125893089321,0.24450807844468944,0.24209139993527742,0.13898574116501702,5.7370914435358875,0.0
[synthetic-tangled],graph_0209,50,347,0.1416326530612245,6.94,2.194629809330038,12,6.94,2.42,12,-0.05076011397095023,0.2799493741552565,0.28202557031837555,1000,2.881844380403458,1.7591836734693878,3,1,1.0,0.17332703325275667,4,0.0,0.0,0.0,6,0.5590778097982709,0.36023054755043227,1.65956379264663,4.0,0.14121037463976946,0.5603465571492967,0.27941480509837097,0.258683727095078,0.14383512207643542,5.673422348172858,0.0
[synthetic-tangled],graph_0210,50,367,0.14979591836734693,7.34,2.0650423724466287,12,7.34,2.2145879978000425,12,0.0028546903743962367,0.273377015141721,0.26859688195991094,1000,2.7247956403269753,1.7289795918367348,3,1,1.0,0.16844461655142046,4,0.0,0.0,0.0,6,0.4032697547683924,0.4114441416893733,1.6490435827493073,3.0,0.1335149863760218,0.48567684339075107,0.2526405030626976,0.2601200523837678,0.1416735621742976,5.737678414601032,0.0
[synthetic-tangled],graph_0211,50,421,0.17183673469387756,8.42,2.8006427833624197,15,8.42,2.45022447951203,16,-0.02075900884406125,0.32995902982466446,0.3329944077275038,1000,2.375296912114014,1.6922448979591838,3,1,1.0,0.18437508301984554,3,0.0,0.0,0.0,6,0.5581947743467933,0.4014251781472684,1.7496372086153213,3.0,0.1163895486935867,0.580623098954902,0.26092240971026553,0.24708450493104464,0.14482619026210236,5.847132085834069,0.0
[synthetic-tangled],graph_0212,50,390,0.15918367346938775,7.8,2.2271057451320084,13,7.8,2.5059928172283334,13,-0.01900466230064959,0.3047722519998062,0.29879564136876313,1000,2.5641025641025643,1.7077551020408164,3,1,1.0,0.14393839207904865,3,0.0,0.0,0.0,6,0.6025641025641025,0.441025641025641,1.7516405553538639,3.0,0.12564102564102564,0.5343012670968899,0.24362369676618212,0.2511054359623946,0.14501548893086758,5.772757703298411,0.0
[synthetic-tangled],graph_0213,50,370,0.1510204081632653,7.4,3.0397368307141326,15,7.4,2.280350850198276,12,-0.017702601756633216,0.30310730549867715,0.29336947456213514,1000,2.7027027027027026,1.7412244897959184,3,1,1.0,0.13439420740489863,4,0.0,0.0,0.0,6,0.6135135135135135,0.3972972972972973,1.7378067343323222,3.0,0.13243243243243244,0.5099421366212953,0.24563922163057172,0.25387511467214213,0.1375751583254245,5.74826563763985,0.0
[synthetic-tangled],graph_0214,50,383,0.15632653061224488,7.66,2.710055349988262,13,7.66,2.0747047982785407,14,-0.00029234545946519295,0.30575823313701894,0.3048948299587183,1000,2.6109660574412534,1.7159183673469387,3,1,1.0,0.17354322168636752,4,0.0,0.0,0.0,6,0.566579634464752,0.4360313315926893,1.777566157292668,4.0,0.1279373368146214,0.5338434574780926,0.27117440201416876,0.24660807759115871,0.13857001762059154,5.76664317077465,0.0
[synthetic-tangled],graph_0215,50,368,0.15020408163265306,7.36,2.504076676142326,13,7.36,2.3303218661807215,12,-0.032834423328680015,0.272490418422307,0.2688496337785437,1000,2.717391304347826,1.723265306122449,3,1,1.0,0.18964706352283756,4,0.0,0.0,0.0,6,0.4891304347826087,0.3967391304347826,1.7691234591290508,3.0,0.1331521739130435,0.5587892850391419,0.2607378242095789,0.2534317292948884,0.1439699536920527,5.724158747483974,0.0
[synthetic-tangled],graph_0216,50,370,0.1510204081632653,7.4,2.6229754097208002,13,7.4,2.5377155080899043,13,-0.06007759612117209,0.2838285220111845,0.2767023457071282,1000,2.7027027027027026,1.7453061224489796,3,1,1.0,0.16785990506816115,4,0.0,0.0,0.0,6,0.5459459459459459,0.44594594594594594,1.7312977461491825,4.0,0.13243243243243244,0.6034112011242873,0.23181761864291764,0.2557939115645458,0.1392652298353996,5.744783961111107,0.0
[synthetic-tangled],graph_0217,50,381,0.15551020408163266,7.62,2.357032032026718,13,7.62,2.6824615561084935,15,-0.05830547133827452,0.28477791996818785,0.28898790579248884,1000,2.6246719160104988,1.737142857142857,3,1,1.0,0.14915685574657606,3,0.0,0.0,0.0,6,0.5328083989501312,0.43832020997375326,1.754786433395336,3.0,0.12860892388451445,0.5422400028265604,0.2611573743577514,0.2592171735569999,0.14179264217080814,5.772518859803913,0.0
[synthetic-tangled],graph_0218,50,358,0.14612244897959184,7.16,2.4278385448789632,15,7.16,2.671029763967448,13,0.04808018370217081,0.2908580097233348,0.29533678756476683,1000,2.793296089385475,1.7510204081632652,3,1,1.0,0.1403437596052318,4,0.0,0.0,0.0,6,0.5698324022346368,0.4022346368715084,1.7586007416576674,3.0,0.13687150837988826,0.5110661179168481,0.25662995606514927,0.2480377319561182,0.13733217231909214,5.7060926433497645,0.0
[synthetic-tangled],graph_0219,50,331,0.13510204081632654,6.62,2.472973918180295,13,6.62,2.4322006496175437,13,0.016071405169163867,0.25566715018727404,0.2543460818400642,1000,3.0211480362537766,1.7681632653061226,3,1,1.0,0.18017303775649524,3,0.0,0.0,0.0,6,0.5075528700906344,0.4169184290030212,1.7227972933894733,4.0,0.14803625377643503,0.6101616043543776,0.25302696439606503,0.25195912524230635,0.14703433758660006,5.6127914508857115,0.0
[synthetic-tangled],graph_0220,50,365,0.1489795918367347,7.3,2.211334438749598,14,7.3,2.6095976701399777,14,-0.0751667872419291,0.2730966819558151,0.27405764966740576,1000,2.73972602739726,1.7322448979591836,3,1,1.0,0.14606680006227643,4,0.0,0.0,0.0,6,0.5123287671232877,0.3972602739726027,1.7185243424968943,4.0,0.13424657534246576,0.5168680963698711,0.25231395562993786,0.25250011249063803,0.14005263536319315,5.7262285553826064,0.0
[synthetic-tangled],graph_0221,50,406,0.1657142857142857,8.12,2.7323250172700906,15,8.12,2.6278508329050947,14,-0.021751692107957583,0.3041767648528316,0.3018757327080891,1000,2.4630541871921183,1.7118367346938776,3,1,1.0,0.15777558175804204,4,0.0,0.0,0.0,6,0.5935960591133005,0.4482758620689655,1.7679625004362127,3.0,0.1206896551724138,0.5224570523513393,0.2580618877329733,0.25806452289194787,0.14069438863386322,5.834614431112708,0.0
[synthetic-tangled],graph_0222,50,376,0.15346938775510205,7.52,2.2471315048301026,11,7.52,2.5238066486955772,13,0.007335448619988904,0.27653467963065487,0.2745762711864407,1000,2.6595744680851063,1.7346938775510203,3,1,1.0,0.1843887359454061,3,0.0,0.0,0.0,6,0.5425531914893617,0.3829787234042553,1.7541471068045802,4.0,0.13031914893617022,0.5916730184434724,0.25228669674889587,0.2533652921535522,0.1482611815778862,5.730054350979895,0.0
[synthetic-tangled],graph_0223,50,355,0.14489795918367346,7.1,2.8372521918222215,16,7.1,2.1840329667841556,12,-0.12096795992068245,0.2765523207442712,0.2746331236897275,1000,2.816901408450704,1.7542857142857142,3,1,1.0,0.2231592271126817,3,0.0,0.0,0.0,6,0.48732394366197185,0.428169014084507,1.6598855649043918,4.0,0.13802816901408452,0.5831293109358673,0.2616710461063825,0.24134919369578603,0.13850898478036988,5.683912202987069,0.0
[synthetic-tangled],graph_0224,50,366,0.1493877551020408,7.32,2.5253910588263357,12,7.32,2.1113029152634635,12,-0.012088084219146828,0.2706095734331029,0.27118274885645827,1000,2.73224043715847,1.7273469387755103,3,1,1.0,0.15149000862065418,4,0.0,0.0,0.0,6,0.6256830601092896,0.46994535519125685,1.7432429324010132,4.0,0.13387978142076504,0.5306588614271114,0.26308807939389134,0.24385368216360395,0.14272363305983984,5.71228073327282,0.0
[synthetic-tangled],graph_0225,50,345,0.14081632653061224,6.9,2.3,13,6.9,2.5865034312755126,12,0.0011218524381126978,0.2756812262385018,0.27153920619554694,1000,2.898550724637681,1.7608163265306123,3,1,1.0,0.17955418608360754,4,0.0,0.0,0.0,6,0.5884057971014492,0.4289855072463768,1.7461098736416658,4.0,0.14202898550724638,0.5292050729912762,0.28781977192947655,0.2530238276507423,0.1382798942285061,5.672618918486695,0.0
[synthetic-tangled],graph_0226,50,368,0.15020408163265306,7.36,2.636361128525453,13,7.36,2.313093167168154,12,0.008880210757647264,0.27829750710246065,0.2861518267337563,1000,2.717391304347826,1.7379591836734694,3,1,1.0,0.1805746530623034,3,0.0,0.0,0.0,6,0.5896739130434783,0.4375,1.764372460085235,3.0,0.1331521739130435,0.5133528301813786,0.24856268293826267,0.2544478091441596,0.1407241917424539,5.7338931980616845,0.0
[synthetic-tangled],graph_0227,50,385,0.15714285714285714,7.7,2.5475478405713994,13,7.7,2.29128784747792,12,-0.010101386528367111,0.2848258800023506,0.2864572498439775,1000,2.5974025974025974,1.7289795918367348,3,1,1.0,0.16319929732065255,4,0.0,0.0,0.0,6,0.5038961038961038,0.41818181818181815,1.69990285752331,4.0,0.12727272727272726,0.5876320076952842,0.27699727958047143,0.25652627434282305,0.13992705876417819,5.782633159847211,0.0
[synthetic-tangled],graph_0228,50,378,0.15428571428571428,7.56,2.3762154784446636,14,7.56,2.6469605210505125,13,-0.10055410815144347,0.284010101010101,0.28230162027420025,1000,2.6455026455026456,1.7240816326530612,3,1,1.0,0.16763514643641922,4,0.0,0.0,0.0,6,0.4656084656084656,0.3941798941798942,1.7177058232055509,4.0,0.12962962962962962,0.5529797480286524,0.23599095824740343,0.25424843284333093,0.14474636920862677,5.746899177084052,0.0
[synthetic-tangled],graph_0229,50,362,0.14775510204081632,7.24,2.642423130386199,12,7.24,2.093418257300724,12,-0.02860480029652632,0.26333434968883884,0.2565107167550127,1000,2.7624309392265194,1.7420408163265306,3,1,1.0,0.1698275720213341,3,0.0,0.0,0.0,6,0.5662983425414365,0.44751381215469616,1.7623867435132485,4.0,0.13535911602209943,0.5497751222191517,0.24878275384330945,0.24928006048908713,0.14447156100078407,5.703356541288928,0.0
[synthetic-tangled],graph_0230,50,403,0.16448979591836735,8.06,2.894201098749014,15,8.06,2.6714041251746243,16,0.02084074011632722,0.3224711981755998,0.3220338983050847,1000,2.4813895781637716,1.7020408163265306,3,1,1.0,0.16862056742987183,3,0.0,0.0,0.0,6,0.5607940446650124,0.4119106699751861,1.7726586271372171,3.0,0.12158808933002481,0.5116385778374073,0.27096022460665775,0.25361140492505213,0.14331819708098595,5.817072400782978,0.0
[synthetic-tangled],graph_0231,50,385,0.15714285714285714,7.7,2.5787593916455256,16,7.7,2.5553864678361276,14,0.018063778072795016,0.2977518470521566,0.29071803852889666,1000,2.5974025974025974,1.7044897959183674,3,1,1.0,0.14812750187743895,4,0.0,0.0,0.0,6,0.5168831168831168,0.42857142857142855,1.7480497177795336,3.0,0.12727272727272726,0.5787197963226075,0.2691049974964513,0.255868332730003,0.13368522469492447,5.800057451710848,0.0
[synthetic-tangled],graph_0232,50,388,0.15836734693877552,7.76,2.412964981096908,13,7.76,3.0434191298603612,15,0.010625065577876135,0.30061244706445944,0.2987730061349693,1000,2.577319587628866,1.7281632653061225,3,1,1.0,0.16017582609008774,4,0.0,0.0,0.0,6,0.5721649484536082,0.40463917525773196,1.7672851344458484,3.0,0.12628865979381443,0.5375190128608117,0.2610195642262286,0.25693551685574284,0.14352699837187427,5.7885112357010575,0.0
[synthetic-tangled],graph_0233,50,392,0.16,7.84,2.7155846515989883,14,7.84,2.4928698321412615,15,-0.01980732179448575,0.3093357895973995,0.3057692307692308,1000,2.5510204081632653,1.7159183673469387,3,1,1.0,0.15529174849079794,5,0.0,0.0,0.0,6,0.5663265306122449,0.41581632653061223,1.747574616020765,4.0,0.125,0.5755294986652613,0.2554177288785984,0.24198294789142016,0.14163857943887795,5.780829872247601,0.0
[synthetic-tangled],graph_0234,50,392,0.16,7.84,2.4848339984795764,14,7.84,2.309632005320328,14,0.002857974666692648,0.28660732268135686,0.2841276252019386,1000,2.5510204081632653,1.7142857142857142,3,1,1.0,0.19477405888340654,3,0.0,0.0,0.0,6,0.5841836734693877,0.4107142857142857,1.6994608443829196,4.0,0.125,0.5698916219764496,0.25909080596985573,0.24304817233106202,0.14322097985620577,5.777966293558294,0.0
[synthetic-tangled],graph_0235,50,399,0.16285714285714287,7.98,2.2225210910135362,14,7.98,2.1493254755853055,13,-0.04887398735051396,0.2824444032060131,0.2813793103448276,1000,2.506265664160401,1.716734693877551,3,1,1.0,0.17605581609889703,4,0.0,0.0,0.0,6,0.5513784461152882,0.39598997493734334,1.7321139769572522,3.0,0.12280701754385964,0.5974625601679857,0.2521907092746131,0.2537796293558036,0.13806227434291624,5.819864112321423,0.0
[synthetic-tangled],graph_0236,50,369,0.15061224489795919,7.38,2.8906054729070174,16,7.38,2.568190024122047,14,0.03354104048251313,0.28014881779951106,0.27612272120942644,1000,2.710027100271003,1.7404081632653061,3,1,1.0,0.17297630971923678,4,0.0,0.0,0.0,6,0.5691056910569106,0.41192411924119243,1.7596848243279362,3.0,0.13279132791327913,0.5459243025453094,0.24555692120932252,0.2584865044700343,0.1430154408158439,5.7390770408338225,0.0
[synthetic-tangled],graph_0237,50,381,0.15551020408163266,7.62,2.0188115315699977,12,7.62,2.489096221522985,14,-0.014742799912615491,0.283042281763644,0.2778369171811795,1000,2.6246719160104988,1.7248979591836735,3,1,1.0,0.15879199771853103,4,0.0,0.0,0.0,6,0.5590551181102362,0.43832020997375326,1.7365062167852106,3.0,0.12860892388451445,0.5547603307900598,0.2628193939929574,0.2692035501935601,0.13727005174358775,5.7927458166275265,0.0
[synthetic-tangled],graph_0238,50,382,0.15591836734693879,7.64,2.1886982432487123,13,7.64,3.011710477452971,13,-0.05647031499037583,0.29529138371088837,0.2924379677038204,1000,2.6178010471204187,1.7224489795918367,3,1,1.0,0.153080164692854,5,0.0,0.0,0.0,6,0.581151832460733,0.4293193717277487,1.7686026242503214,3.0,0.12827225130890052,0.5369084497503822,0.2887583106583294,0.2764876330239823,0.13930996221579442,5.798798173041497,0.0
[synthetic-tangled],graph_0239,50,361,0.1473469387755102,7.22,2.7805754800040945,15,7.22,2.100380917833715,14,-0.0718304907438258,0.2776756310425041,0.27353342428376537,1000,2.770083102493075,1.7379591836734694,3,1,1.0,0.1579760064461075,4,0.0,0.0,0.0,6,0.5457063711911357,0.45706371191135736,1.7829396499840362,4.0,0.13573407202216067,0.5641193223556668,0.2752712691159353,0.2483858725140143,0.13781749499696092,5.716846230490371,0.0
[synthetic-tangled],graph_0240,50,373,0.15224489795918367,7.46,2.8997241248091172,13,7.46,2.6092910914652663,13,-0.05256988398425938,0.2928141084921271,0.28908742820676453,1000,2.680965147453083,1.7330612244897958,3,1,1.0,0.18733245740775256,4,0.0,0.0,0.0,6,0.5522788203753352,0.45576407506702415,1.746229023262887,4.0,0.13136729222520108,0.5289216890154278,0.25443812691021883,0.2554954877510114,0.14580030670291538,5.736046507147735,0.0
[synthetic-tangled],graph_0241,50,358,0.14612244897959184,7.16,2.671029763967448,12,7.16,2.4767720928660353,13,0.06357365835142514,0.2570311877664819,0.25649276028499196,1000,2.793296089385475,1.7395918367346939,3,1,1.0,0.1559681298206943,3,0.0,0.0,0.0,6,0.5027932960893855,0.39106145251396646,1.7358668901944547,3.0,0.13687150837988826,0.5996778678320589,0.25025112521571774,0.24332118114225537,0.1378299425199652,5.705713733488235,0.0
[synthetic-tangled],graph_0242,50,373,0.15224489795918367,7.46,2.3341807984815572,13,7.46,2.729175699730598,14,-0.01241015094618975,0.2922548520189522,0.29330114665057333,1000,2.680965147453083,1.7183673469387755,3,1,1.0,0.14602191488353336,4,0.0,0.0,0.0,6,0.5120643431635389,0.3806970509383378,1.6664003010921147,4.0,0.13136729222520108,0.5253439322174192,0.24428721658383087,0.2455891967643259,0.1369222131807168,5.748587184089088,0.0
[synthetic-tangled],graph_0243,50,375,0.15306122448979592,7.5,2.3259406699226015,12,7.5,2.4515301344262523,15,0.004009457637771263,0.29868976482753573,0.29545454545454547,1000,2.6666666666666665,1.729795918367347,3,1,1.0,0.16424470444105696,4,0.0,0.0,0.0,6,0.5386666666666666,0.4266666666666667,1.742426188464103,4.0,0.13066666666666665,0.47148305417540476,0.27556917973453166,0.2537114129142542,0.13924393009603153,5.754312354026503,0.0
[synthetic-tangled],graph_0244,50,370,0.1510204081632653,7.4,2.2,12,7.4,2.9999999999999996,15,-0.03345405353344047,0.28287617267493426,0.2773882559158633,1000,2.7027027027027026,1.7355102040816326,3,1,1.0,0.15384387101064065,4,0.0,0.0,0.0,6,0.5675675675675675,0.4297297297297297,1.712807432272951,3.0,0.13243243243243244,0.5513867476167962,0.23022479608478222,0.25830605865710793,0.14563844164402007,5.7323849315548046,0.0
[synthetic-tangled],graph_0245,50,380,0.15510204081632653,7.6,2.209072203437452,12,7.6,2.2181073012818833,13,0.014795089132737407,0.2798394840453664,0.2808010448410971,1000,2.6315789473684212,1.7306122448979593,3,1,1.0,0.1826673552570443,3,0.0,0.0,0.0,6,0.5605263157894737,0.3973684210526316,1.7657356830096689,3.0,0.12894736842105264,0.561004753357112,0.27984682820923046,0.2555675740254262,0.1389777479638359,5.773877390958676,0.0
[synthetic-tangled],graph_0246,50,389,0.15877551020408162,7.78,2.3262845913602233,15,7.78,2.1098815132608753,13,-0.004173047556910387,0.281621344315785,0.28142021383901555,1000,2.570694087403599,1.716734693877551,3,1,1.0,0.1626648623913502,4,0.0,0.0,0.0,5,0.5012853470437018,0.38303341902313626,1.6036105239403686,3.0,0.12596401028277635,0.4902007831736141,0.24798026017829836,0.26480797579865084,0.13856968200699646,5.808842098381675,0.0
[synthetic-tangled],graph_0247,50,346,0.14122448979591837,6.92,2.2076231562474606,11,6.92,2.3481056194302674,13,0.09055595346106099,0.2614881753952961,0.26003917727717923,1000,2.8901734104046244,1.7551020408163265,3,1,1.0,0.1625014846584921,4,0.0,0.0,0.0,6,0.5895953757225434,0.4479768786127168,1.7876730188612961,4.0,0.1416184971098266,0.5829274863657364,0.23045808749366226,0.2627206503269803,0.14341566287593652,5.674291134669362,0.0
[synthetic-tangled],graph_0248,50,405,0.1653061224489796,8.1,2.6172504656604803,17,8.1,2.5709920264364885,13,-0.009963296203802345,0.31509066958676596,0.3132137030995106,1000,2.4691358024691357,1.703673469387755,3,1,1.0,0.10037558025042358,3,0.0,0.0,0.0,6,0.5703703703703704,0.4271604938271605,1.7812160372696657,3.0,0.12098765432098765,0.5763609527075337,0.2574328714241283,0.25775218281540535,0.14400302848565427,5.826648324160999,0.0
[synthetic-tangled],graph_0249,50,341,0.13918367346938776,6.82,2.4955159787106154,13,6.82,2.5509998039984247,17,0.03236797635159765,0.2625402933241808,0.26534036433365293,1000,2.932551319648094,1.7624489795918368,3,1,1.0,0.14907716029939821,5,0.0,0.0,0.0,6,0.5806451612903226,0.4046920821114369,1.770152075686501,5.0,0.1436950146627566,0.5760266216532428,0.26212214232964787,0.26702749216434296,0.14189344062585293,5.670233092497265,0.0
[synthetic-tangled],graph_0250,50,369,0.15061224489795919,7.38,2.296867431960321,14,7.38,2.296867431960321,14,0.013762463353768895,0.2910071558987968,0.2980174802813899,1000,2.710027100271003,1.729795918367347,3,1,1.0,0.16489498092320518,3,0.0,0.0,0.0,6,0.5311653116531165,0.4254742547425474,1.6949685763602171,4.0,0.13279132791327913,0.5819019866617912,0.25155071235500726,0.2568650416637489,0.14396505296097992,5.734639102386762,0.0
[synthetic-tangled],graph_0251,50,348,0.14204081632653062,6.96,2.323445717033217,13,6.96,2.513642774938396,12,-0.03586833472875782,0.27479101290866,0.2732447817836812,1000,2.8735632183908044,1.7608163265306123,3,1,1.0,0.19143960665208334,4,0.0,0.0,0.0,6,0.5459770114942529,0.47413793103448276,1.7563358848315156,4.0,0.14080459770114942,0.6122135360108715,0.2829286389280623,0.2633592723964285,0.13893088572840015,5.69593431174286,0.0
[synthetic-tangled],graph_0252,50,365,0.1489795918367347,7.3,2.8442925306655784,13,7.3,2.467792535850613,13,0.004820610867937643,0.2759221786125811,0.27379310344827584,1000,2.73972602739726,1.7485714285714287,3,1,1.0,0.17828266480990662,5,0.0,0.0,0.0,6,0.5534246575342465,0.4547945205479452,1.7854462014347525,4.0,0.13424657534246576,0.5811965026277853,0.26487293057488187,0.25592466856782364,0.13613989672950108,5.742873169491377,0.0
[synthetic-tangled],graph_0253,50,390,0.15918367346938775,7.8,2.4413111231467406,13,7.8,2.734958866235469,15,-0.04558634269376919,0.29653915881160464,0.2982095081292447,1000,2.5641025641025643,1.7224489795918367,3,1,1.0,0.17058036568835966,3,0.0,0.0,0.0,6,0.5717948717948718,0.4230769230769231,1.7671201123905083,3.0,0.12564102564102564,0.6406309376638312,0.2553629859659103,0.25471978114856636,0.13973205678027742,5.795511747444975,0.0
[synthetic-tangled],graph_0254,50,374,0.1526530612244898,7.48,2.3172397372736384,14,7.48,2.6095210288480146,14,0.0019070507502321464,0.2848209265794405,0.282285471537808,1000,2.6737967914438503,1.7257142857142858,3,1,1.0,0.18623260622897408,4,0.0,0.0,0.0,6,0.553475935828877,0.4144385026737968,1.7753393398661241,3.0,0.13101604278074866,0.5118081160599545,0.2569347981308705,0.2552436969518314,0.13820820351988033,5.758368787140188,0.0
[synthetic-tangled],graph_0255,50,373,0.15224489795918367,7.46,1.920520762709948,12,7.46,2.5784491462892962,14,-0.017751422742985464,0.2720211381325932,0.2694693314955203,1000,2.680965147453083,1.7420408163265306,3,1,1.0,0.18534276463086288,4,0.0,0.0,0.0,6,0.6005361930294906,0.42359249329758714,1.7733359931275814,3.0,0.13136729222520108,0.5600639760158349,0.2736191740596084,0.25258103959705536,0.14424176496205995,5.737849625124965,0.0
[synthetic-tangled],graph_0256,50,353,0.14408163265306123,7.06,2.6714041251746243,13,7.06,2.283943957280914,13,-0.07776040647589937,0.28299527665317137,0.28210526315789475,1000,2.8328611898016995,1.756734693877551,3,1,1.0,0.18563844747122238,3,0.0,0.0,0.0,6,0.5807365439093485,0.4475920679886686,1.7261034461584017,4.0,0.1388101983002833,0.5152683002877847,0.22684896637674234,0.25802933986292637,0.14274022771938524,5.688410883935986,0.0
[synthetic-tangled],graph_0257,50,388,0.15836734693877552,7.76,2.6196182928052707,14,7.76,2.4703036250631216,13,-0.062057233889931424,0.30036615895284624,0.29790209790209793,1000,2.577319587628866,1.7240816326530612,3,1,1.0,0.14982731227585996,4,0.0,0.0,0.0,6,0.5618556701030928,0.3788659793814433,1.749599169215713,3.0,0.12628865979381443,0.5956076174108683,0.24119991798096044,0.2422535657718686,0.13686375382933733,5.779895559532992,0.0
[synthetic-tangled],graph_0258,50,345,0.14081632653061224,6.9,2.3853720883753127,12,6.9,1.7804493814764857,12,-0.01608148825255589,0.2632399540603875,0.26320822376284964,1000,2.898550724637681,1.7469387755102042,3,1,1.0,0.17272056219545673,3,0.0,0.0,0.0,6,0.553623188405797,0.4057971014492754,1.7435863499335886,4.0,0.14202898550724638,0.5674431775746341,0.22823039149798818,0.24197799168102296,0.14746609830171753,5.632109124796708,0.0
[synthetic-tangled],graph_0259,50,351,0.14326530612244898,7.02,2.213504009483606,13,7.02,2.6037665025881256,13,-0.04055698567464109,0.26404663997852856,0.266152362584378,1000,2.849002849002849,1.7444897959183674,3,1,1.0,0.15318266262766114,4,0.0,0.0,0.0,6,0.5356125356125356,0.4188034188034188,1.7596848243279364,4.0,0.1396011396011396,0.5300037776826195,0.28110116599494733,0.25103861063647687,0.1396148085198267,5.685784507931959,0.0
[synthetic-tangled],graph_0260,50,361,0.1473469387755102,7.22,2.256457400439902,12,7.22,2.3262845913602233,12,-0.027616488167595335,0.27720274617023843,0.27452316076294275,1000,2.770083102493075,1.7428571428571429,3,1,1.0,0.15628780628397365,4,0.0,0.0,0.0,6,0.554016620498615,0.42105263157894735,1.7182811566124094,4.0,0.13573407202216067,0.5346552541670208,0.2387183285734018,0.26433275553792845,0.14677756749796908,5.711990910256798,0.0
[synthetic-tangled],graph_0261,50,332,0.13551020408163264,6.64,2.496076921891631,13,6.64,2.5436980952935433,13,-0.03165284943528058,0.26429241793638075,0.25795424664738364,1000,3.0120481927710845,1.782857142857143,3,1,1.0,0.19079876548320093,4,0.0,0.0,0.0,6,0.5903614457831325,0.43373493975903615,1.7538293333807995,4.0,0.14759036144578314,0.536367633725954,0.269068219634122,0.2604520516733119,0.1443967582371537,5.62843779194756,0.0
[synthetic-tangled],graph_0262,50,363,0.14816326530612245,7.26,2.2874439883852893,13,7.26,2.18,12,-0.026648488255144816,0.2741157636652993,0.27838577291381666,1000,2.7548209366391183,1.7395918367346939,3,1,1.0,0.17571463153712846,4,0.0,0.0,0.0,6,0.5922865013774105,0.39669421487603307,1.7657356830096689,4.0,0.1349862258953168,0.4996719681504765,0.2727559021054371,0.27041401861608666,0.14270333039496863,5.735197645379885,0.0
[synthetic-tangled],graph_0263,50,395,0.16122448979591836,7.9,2.29128784747792,13,7.9,2.570992026436488,14,0.010200430026935055,0.28717170344051485,0.2898346107301331,1000,2.5316455696202533,1.71265306122449,3,1,1.0,0.16265811539898697,4,0.0,0.0,0.0,6,0.5949367088607594,0.4177215189873418,1.7529481087121335,4.0,0.1240506329113924,0.5949576496958138,0.2626779117966121,0.2510913896660243,0.14183222033785345,5.794876303944291,0.0
[synthetic-tangled],graph_0264,50,375,0.15306122448979592,7.5,2.4186773244895647,13,7.5,2.41039415863879,13,0.00916727184566253,0.28656624512473217,0.2830308146897425,1000,2.6666666666666665,1.7363265306122448,3,1,1.0,0.14851790730981776,4,0.0,0.0,0.0,6,0.5786666666666667,0.464,1.721873281993315,3.0,0.13066666666666665,0.5805418096366978,0.27646119158057303,0.24757497056567263,0.13836826418387035,5.753653958650872,0.0
[synthetic-tangled],graph_0265,50,340,0.13877551020408163,6.8,1.876166303929372,11,6.8,2.2181073012818837,12,0.10550295111687862,0.25145234504058034,0.25267175572519085,1000,2.9411764705882355,1.7640816326530613,3,1,1.0,0.19265680659035211,3,0.0,0.0,0.0,6,0.5529411764705883,0.4470588235294118,1.7253772613414498,4.0,0.14411764705882352,0.5284773463846116,0.26756490181055503,0.2531205151570992,0.14140071644462185,5.646478027224936,0.0
[synthetic-tangled],graph_0266,50,366,0.1493877551020408,7.32,2.5879721791394896,12,7.32,2.4530796970339144,13,-0.0544689588310211,0.28463508782239433,0.2827586206896552,1000,2.73224043715847,1.7428571428571429,3,1,1.0,0.16155242867060426,3,0.0,0.0,0.0,6,0.49453551912568305,0.43989071038251365,1.7829396499840364,4.0,0.13387978142076504,0.5136606243184374,0.2894103622501273,0.26047470781630183,0.14168754335285788,5.736026971410137,0.0
[synthetic-tangled],graph_0267,50,400,0.16326530612244897,8.0,2.7129319932501073,14,8.0,2.3748684174075834,15,-0.029042622988878282,0.28678000126882885,0.2912901365122092,1000,2.5,1.7069387755102041,3,1,1.0,0.14328309307084755,4,0.0,0.0,0.0,6,0.53,0.43,1.7733359931275814,3.0,0.1225,0.5979683137564643,0.2792422172032128,0.23807494916510294,0.14376731368821552,5.788364580925814,0.0
[synthetic-tangled],graph_0268,50,376,0.15346938775510205,7.52,2.1655484293822664,13,7.52,2.393658288060349,13,0.03726930811180308,0.26458100069864776,0.2689075630252101,1000,2.6595744680851063,1.7306122448979593,3,1,1.0,0.13406078238036523,4,0.0,0.0,0.0,6,0.651595744680851,0.40691489361702127,1.6907984552744968,4.0,0.13031914893617022,0.5614274217987738,0.2416178565699459,0.2553094406508839,0.13748262158322275,5.768343686998614,0.0
[synthetic-tangled],graph_0269,50,378,0.15428571428571428,7.56,2.5624987804875143,15,7.56,2.8366177042386234,15,-0.023805411058481236,0.2950744856316266,0.2907625542467452,1000,2.6455026455026456,1.7240816326530612,3,1,1.0,0.142927615590203,4,0.0,0.0,0.0,6,0.58994708994709,0.3994708994708995,1.7509623921401472,3.0,0.12962962962962962,0.5320392158354923,0.27363808487154656,0.25729680795647353,0.14136909329323744,5.76269673474061,0.0
[synthetic-tangled],graph_0270,50,378,0.15428571428571428,7.56,2.8082734909548965,15,7.56,2.5152335875619984,12,-0.03702242314098239,0.31213039420160166,0.30451127819548873,1000,2.6455026455026456,1.733877551020408,3,1,1.0,0.15639772408882846,3,0.0,0.0,0.0,6,0.5502645502645502,0.4417989417989418,1.6999028575233097,3.0,0.12962962962962962,0.5319079635534955,0.2434910527310299,0.2526600424437531,0.13960889041489022,5.761286149279015,0.0
[synthetic-tangled],graph_0271,50,363,0.14816326530612245,7.26,2.381680079271773,12,7.26,2.7262428358456994,14,-0.016093586581360612,0.2691370244822257,0.2722841225626741,1000,2.7548209366391183,1.76,3,1,1.0,0.1646311328456846,5,0.0,0.0,0.0,6,0.559228650137741,0.44077134986225897,1.7699658471747555,4.0,0.1349862258953168,0.5721325820018682,0.26467135846402445,0.2506382245047607,0.14406584767514324,5.705397466392398,0.0
[synthetic-tangled],graph_0272,50,361,0.1473469387755102,7.22,2.6175561121015156,14,7.22,2.309025768587263,12,0.06354919472166612,0.2840896848249789,0.28835616438356165,1000,2.770083102493075,1.749387755102041,3,1,1.0,0.20716580881803337,3,0.0,0.0,0.0,6,0.6066481994459834,0.39058171745152354,1.7646135609397922,4.0,0.13573407202216067,0.5905184495802205,0.2805647977671378,0.24189368450345472,0.1390381930834162,5.705850585515014,0.0
[synthetic-tangled],graph_0273,50,386,0.15755102040816327,7.72,2.764344406907359,14,7.72,2.506312031651287,13,0.025863612672129034,0.2799846977927473,0.28338368580060425,1000,2.5906735751295336,1.7175510204081632,3,1,1.0,0.14622631006032658,4,0.0,0.0,0.0,6,0.5544041450777202,0.43005181347150256,1.7442256765243442,3.0,0.12694300518134716,0.5465741507605925,0.2424597711524108,0.2544052040702162,0.14235036690133038,5.774727423231579,0.0
[synthetic-tangled],graph_0274,50,380,0.15510204081632653,7.6,2.6457513110645907,16,7.6,2.3748684174075834,13,-0.05918698244459477,0.29550130829670473,0.29284559417946643,1000,2.6315789473684212,1.7224489795918367,3,1,1.0,0.1613289506187825,3,0.0,0.0,0.0,6,0.5552631578947368,0.4263157894736842,1.7851664674105803,3.0,0.12894736842105264,0.49098147148508753,0.234159228272832,0.2563983473455525,0.14158035900527458,5.764471084199037,0.0
[synthetic-tangled],graph_0275,50,389,0.15877551020408162,7.78,2.351935373261774,13,7.78,2.5083062014036486,15,-0.037680705086138265,0.2834627764736124,0.2833952669665558,1000,2.570694087403599,1.7044897959183674,3,1,1.0,0.12663066428592568,4,0.0,0.0,0.0,6,0.5758354755784062,0.37532133676092544,1.724740223233968,4.0,0.12596401028277635,0.550738135809049,0.22921476198975468,0.26549884596756856,0.14083207989138263,5.799355799911744,0.0
[synthetic-tangled],graph_0276,50,344,0.1404081632653061,6.88,2.337862271392393,13,6.88,2.303388807822075,13,-0.04756223888816869,0.26104189601248423,0.26287471176018445,1000,2.9069767441860463,1.7722448979591836,3,1,1.0,0.19719198527032847,4,0.0,0.0,0.0,6,0.5494186046511628,0.436046511627907,1.7454070444502348,4.0,0.14244186046511628,0.6060657081477673,0.255824105853712,0.24748432746344393,0.1404893313614942,5.659570046100418,0.0
[synthetic-tangled],graph_0277,50,332,0.13551020408163264,6.64,2.076150283577757,12,6.64,2.3474241201793937,12,0.08904149066076529,0.2642057419704479,0.26148225469728603,1000,3.0120481927710845,1.7681632653061226,3,1,1.0,0.17693367338267743,5,0.0,0.0,0.0,6,0.5391566265060241,0.4126506024096386,1.7381748178426117,4.0,0.14759036144578314,0.5478773812426244,0.25829365673523474,0.2709875067520042,0.13526965186690476,5.664420237241341,0.0
[synthetic-tangled],graph_0278,50,346,0.14122448979591837,6.92,2.4563387388550466,13,6.92,2.296432015105172,12,-0.004454371875476487,0.2604039685804392,0.2621936122802674,1000,2.8901734104046244,1.7591836734693878,3,1,1.0,0.19732002118884293,3,0.0,0.0,0.0,6,0.5289017341040463,0.4161849710982659,1.7691234591290508,4.0,0.1416184971098266,0.5985906689532241,0.25446355516420516,0.25392168271539045,0.14713991716441993,5.658072508813156,0.0
[synthetic-tangled],graph_0279,50,376,0.15346938775510205,7.52,2.426849809938802,13,7.52,2.8861046412075915,14,-0.02488802290745595,0.26783550299030173,0.2717992343683539,1000,2.6595744680851063,1.726530612244898,3,1,1.0,0.18285700375958414,4,0.0,0.0,0.0,6,0.5558510638297872,0.4627659574468085,1.7758425445782973,3.0,0.13031914893617022,0.5986980932395042,0.2553779984738715,0.2496410049865614,0.13934448073391975,5.7493036788923515,0.0
[synthetic-tangled],graph_0280,50,331,0.13510204081632654,6.62,2.244014260204244,11,6.62,2.365502060874182,13,0.008191251117012424,0.25057088267769384,0.2506610259122158,1000,3.0211480362537766,1.779591836734694,3,1,1.0,0.15821308710696036,3,0.0,0.0,0.0,6,0.5649546827794562,0.4501510574018127,1.7733359931275812,4.0,0.14803625377643503,0.5353129797277522,0.2528227058817647,0.2616294737594308,0.14083582791282342,5.6345705208456485,0.0
[synthetic-tangled],graph_0281,50,372,0.15183673469387754,7.44,2.6844738776900026,16,7.44,2.1923503369671553,14,-0.018517332918899725,0.2757615760572417,0.2723066754791804,1000,2.6881720430107525,1.7330612244897958,3,1,1.0,0.19118888736447429,4,0.0,0.0,0.0,6,0.553763440860215,0.41397849462365593,1.775339339866124,3.0,0.13172043010752688,0.5201947494734431,0.26288553419089256,0.2507131699540273,0.14198708191903783,5.737036909776645,0.0
[synthetic-tangled],graph_0282,50,366,0.1493877551020408,7.32,2.2754340245324625,12,7.32,2.436719105682885,13,-0.04287242399670808,0.25598006568594805,0.25906488549618323,1000,2.73224043715847,1.7583673469387755,3,1,1.0,0.1691651120429743,4,0.0,0.0,0.0,6,0.6038251366120219,0.3879781420765027,1.7563739242311238,4.0,0.13387978142076504,0.5615974707490811,0.251730154815877,0.24695459999483318,0.13382240511987017,5.7392273562357445,0.0
[synthetic-tangled],graph_0283,50,377,0.15387755102040818,7.54,2.3682060721145026,12,7.54,3.086810651789319,15,-0.029685728697275232,0.28256127910617074,0.28442437923250563,1000,2.6525198938992043,1.7191836734693877,3,1,1.0,0.16633918378783033,3,0.0,0.0,0.0,6,0.5437665782493368,0.3952254641909814,1.7529481087121335,3.0,0.129973474801061,0.5611350985160884,0.23557945846024964,0.24956660797385005,0.14204377511925245,5.748938935764615,0.0
[synthetic-tangled],graph_0284,50,391,0.15959183673469388,7.82,3.0769465383720918,15,7.82,2.6434068926292826,14,-0.007052614106879772,0.3016919762010622,0.30545252225519287,1000,2.557544757033248,1.7093877551020409,3,1,1.0,0.16304968013882268,4,0.0,0.0,0.0,6,0.5294117647058824,0.38618925831202044,1.7570132508218796,4.0,0.12531969309462915,0.5951815709038744,0.2720702252529408,0.2691767169964455,0.13642229009198809,5.822510294959218,0.0
[synthetic-tangled],graph_0285,50,339,0.1383673469387755,6.78,1.7920937475478227,10,6.78,2.220720603768065,13,-0.032954977124609104,0.2508719355979418,0.2483081728266528,1000,2.949852507374631,1.7689795918367346,3,1,1.0,0.16505504104864688,4,0.0,0.0,0.0,6,0.551622418879056,0.44837758112094395,1.7787094858189496,3.0,0.14454277286135694,0.5553085056890482,0.2623882443669705,0.26428546089902183,0.142727719367888,5.663300938692392,0.0
[synthetic-tangled],graph_0286,50,353,0.14408163265306123,7.06,2.0824024587000465,12,7.06,2.4852364072659165,13,0.054750329711542756,0.28286037904304157,0.278836987607245,1000,2.8328611898016995,1.7542857142857142,3,1,1.0,0.15361130230241932,4,0.0,0.0,0.0,6,0.5864022662889519,0.3937677053824363,1.7829396499840364,4.0,0.1388101983002833,0.575959381046432,0.25284473887526765,0.2713056242286534,0.13983630592406207,5.713176706725113,0.0
[synthetic-tangled],graph_0287,50,352,0.1436734693877551,7.04,2.473539973398449,13,7.04,2.3660938273872403,13,0.011598488497552979,0.269670048905343,0.2710084033613445,1000,2.840909090909091,1.7395918367346939,3,1,1.0,0.16840030518936566,3,0.0,0.0,0.0,6,0.5284090909090909,0.40625,1.7697916858965643,4.0,0.13920454545454544,0.5614157347874,0.26456472814310794,0.262264460321474,0.13835910347783964,5.706850761224942,0.0
[synthetic-tangled],graph_0288,50,387,0.1579591836734694,7.74,3.2299225996918253,16,7.74,1.7978876494375282,12,-0.07370913137208103,0.29481649430720636,0.287797863599014,1000,2.5839793281653747,1.7183673469387755,3,1,1.0,0.11930063831234275,3,0.0,0.0,0.0,6,0.5684754521963824,0.4444444444444444,1.7610023141324092,3.0,0.12661498708010335,0.5806592845088253,0.2655337351815853,0.26156916055628326,0.1426655432234126,5.787119593531633,0.0
[synthetic-tangled],graph_0289,50,333,0.13591836734693877,6.66,2.232576986354558,12,6.66,2.2145879978000425,13,0.006787920904075447,0.26825666816843285,0.2613784135240572,1000,3.003003003003003,1.7771428571428571,3,1,1.0,0.12370464352384178,4,0.0,0.0,0.0,6,0.6006006006006006,0.46846846846846846,1.7619116417544798,3.0,0.14714714714714713,0.5774938146081567,0.24471561347787799,0.24615740516592313,0.14453448605669575,5.611792100079073,0.0
[synthetic-tangled],graph_0290,50,362,0.14775510204081632,7.24,2.8464714999451513,15,7.24,2.159259132202525,13,-0.012975725632933912,0.2557973687818889,0.26142857142857145,1000,2.7624309392265194,1.763265306122449,3,1,1.0,0.1626257869810559,5,0.0,0.0,0.0,6,0.569060773480663,0.4530386740331492,1.7713502765555946,3.0,0.13535911602209943,0.5890836684162095,0.2703748376248789,0.25216857233915163,0.1407201887927928,5.719310925620013,0.0
[synthetic-tangled],graph_0291,50,373,0.15224489795918367,7.46,2.5076682396202252,13,7.46,2.6245761562583776,12,-0.052185967663618466,0.28150792327727314,0.2787524366471735,1000,2.680965147453083,1.726530612244898,3,1,1.0,0.1496912019180371,3,0.0,0.0,0.0,6,0.5683646112600537,0.4289544235924933,1.7563358848315156,3.0,0.13136729222520108,0.5793282679412814,0.26490683696500195,0.2575007079667086,0.1397761654647382,5.754988556550901,0.0
[synthetic-tangled],graph_0292,50,354,0.14448979591836736,7.08,2.252465316048174,12,7.08,2.1339165869358623,12,-0.08476937370121927,0.26218539973957933,0.2603953646898432,1000,2.824858757062147,1.7322448979591836,3,1,1.0,0.1824957377979073,4,0.0,0.0,0.0,6,0.5,0.3757062146892655,1.6993157409774096,4.0,0.1384180790960452,0.5750683733822599,0.24802270492841438,0.25637586290937325,0.14283725078353385,5.693647274995678,0.0
[synthetic-tangled],graph_0293,50,393,0.16040816326530613,7.86,2.4413930449642884,13,7.86,2.514040572464971,14,-0.10232895105210217,0.2949321457696071,0.29476248477466505,1000,2.544529262086514,1.7183673469387755,3,1,1.0,0.15877871296708734,4,0.0,0.0,0.0,6,0.5190839694656488,0.41475826972010177,1.7619116417544798,4.0,0.12468193384223919,0.5462233853393976,0.2640128943047989,0.2545811782419011,0.14159345423694214,5.796711454728573,0.0
[synthetic-tangled],graph_0294,50,378,0.15428571428571428,7.56,2.593530412391573,13,7.56,2.483223711227001,14,-0.10427799512687261,0.30623634913418196,0.29844559585492225,1000,2.6455026455026456,1.7273469387755103,3,1,1.0,0.16030274099673392,3,0.0,0.0,0.0,6,0.5978835978835979,0.4497354497354497,1.7382128572422197,4.0,0.12962962962962962,0.5791801013275815,0.26751166095679507,0.24358291920024108,0.14167265224274167,5.742295371874794,0.0
[synthetic-tangled],graph_0295,50,371,0.15142857142857144,7.42,2.3924046480476497,13,7.42,2.4090662091358137,13,-0.05502945061274525,0.268024233592345,0.2668238319759966,1000,2.6954177897574123,1.7240816326530612,3,1,1.0,0.14063264056060332,3,0.0,0.0,0.0,6,0.5714285714285714,0.431266846361186,1.7677390297482116,3.0,0.1320754716981132,0.597888670054546,0.2667884287189331,0.26295627575572406,0.14082964923072264,5.7513562570699746,0.0
[synthetic-tangled],graph_0296,50,367,0.14979591836734693,7.34,2.2145879978000425,14,7.34,2.4626002517664127,14,0.026561323026435636,0.29332354834707774,0.2955631399317406,1000,2.7247956403269753,1.7477551020408164,3,1,1.0,0.145260310477268,4,0.0,0.0,0.0,6,0.5204359673024523,0.4250681198910082,1.7619116417544802,3.0,0.1335149863760218,0.5663923597711374,0.24061809165163697,0.24493958341604088,0.14247793731840877,5.714791936813974,0.0
[synthetic-tangled],graph_0297,50,371,0.15142857142857144,7.42,2.41735392526622,14,7.42,2.218918655561758,13,-0.07672739285017842,0.27327776571254836,0.2690909090909091,1000,2.6954177897574123,1.7469387755102042,3,1,1.0,0.16834486751296726,4,0.0,0.0,0.0,6,0.5579514824797843,0.42587601078167114,1.7460640012075466,4.0,0.1320754716981132,0.5833914698562069,0.25646175426834256,0.25580700433908043,0.14304499071126278,5.736339124030186,0.0
[synthetic-tangled],graph_0298,50,395,0.16122448979591836,7.9,2.3345235059857505,14,7.9,2.41039415863879,14,-0.09452649866551129,0.2844618025593258,0.28396946564885495,1000,2.5316455696202533,1.7053061224489796,3,1,1.0,0.1364420657624476,4,0.0,0.0,0.0,6,0.620253164556962,0.38734177215189874,1.750962392140147,3.0,0.1240506329113924,0.5382856945965581,0.26848313553225633,0.2648321420919493,0.1420879832340922,5.813828380971558,0.0
[synthetic-tangled],graph_0299,50,388,0.15836734693877552,7.76,3.4845946679635493,15,7.76,2.565618833731932,14,-0.015061559622966708,0.3239394539069462,0.3181818181818182,1000,2.577319587628866,1.7110204081632654,3,1,1.0,0.16302968962945014,3,0.0,0.0,0.0,6,0.5721649484536082,0.41237113402061853,1.7829396499840364,4.0,0.12628865979381443,0.5096808162124707,0.25523391617233526,0.2560086038797196,0.14164482459755157,5.786821445663311,0.0
[synthetic-mixed],graph_0300,47,129,0.059666975023126734,2.74468085106383,3.006858013094385,9,2.74468085106383,1.6817934336484686,8,0.3300322526129985,0.13295203614352552,0.26171875,1000,7.751937984496124,2.807585568917669,6,1,1.0,0.4617174709118165,6,0.0,0.0,0.0,8,0.5658914728682171,0.6124031007751938,1.8983550515722714,5.0,0.35658914728682173,0.45468143453256676,0.17727945414913113,0.2889442217276146,0.24529535985166886,4.537665004572275,0.5
[synthetic-mixed],graph_0301,48,148,0.06560283687943262,3.0833333333333335,3.7351558051691613,15,3.0833333333333335,1.7300449576688912,8,0.2697936013516056,0.1862945911659147,0.31985294117647056,1000,6.756756756756757,2.5345744680851063,5,1,1.0,0.48026453313785594,6,0.0,0.0,0.0,8,0.44594594594594594,0.6148648648648649,1.951069428499874,5.0,0.31756756756756754,0.41404957718503854,0.190193074206102,0.24593043342482104,0.24762734168113132,4.5682248523594025,0.5
[synthetic-mixed],graph_0302,47,129,0.059666975023126734,2.74468085106383,3.083712084046254,11,2.74468085106383,1.4508703932963678,6,0.32808144598327843,0.14406090363537172,0.216,1000,7.751937984496124,2.7890841813135987,7,1,1.0,0.5338261061489936,6,0.0,0.0,0.0,8,0.5813953488372093,0.5736434108527132,1.9245489694228861,5.0,0.35658914728682173,0.38738285443818465,0.17802510685420855,0.271178617597241,0.2676157775911698,4.447411515905427,0.5
[synthetic-mixed],graph_0303,47,132,0.06105457909343201,2.8085106382978724,3.226474908471041,12,2.8085106382978724,1.606347752185266,7,0.3202399034974816,0.15634873400830845,0.24261874197689345,1000,7.575757575757576,2.611470860314524,5,1,1.0,0.4732375765638847,6,0.0,0.0,0.0,8,0.5606060606060606,0.5909090909090909,1.9634887133185253,4.0,0.3484848484848485,0.4724027686228288,0.16623339311287433,0.25688684421270275,0.2257522445554119,4.555011127769914,0.5
[synthetic-mixed],graph_0304,42,126,0.07317073170731707,3.0,3.154739442867026,10,3.0,2.0816659994661326,10,0.3821327009503941,0.17008031650888794,0.3524904214559387,1000,7.936507936507937,2.6771196283391405,6,1,1.0,0.5610213202514945,5,0.0,0.0,0.0,8,0.5555555555555556,0.5634920634920635,1.9481238758024646,4.0,0.3253968253968254,0.4915575503530204,0.18975371747149883,0.26091152048493216,0.2224972688104442,4.542053137579604,0.5
[synthetic-mixed],graph_0305,42,134,0.07781649245063879,3.1904761904761907,3.4381480011780376,10,3.1904761904761907,1.5922146187905226,8,0.26201731668880274,0.17411332054189196,0.2541766109785203,1000,7.462686567164179,2.3344947735191637,5,1,1.0,0.42469440152424076,5,0.0,0.0,0.0,8,0.5074626865671642,0.5970149253731343,2.0085826200213956,4.0,0.30597014925373134,0.4503286179899486,0.20306735346247992,0.21712848056623293,0.21861650791353227,4.545582902815299,0.5
[synthetic-mixed],graph_0306,49,131,0.055697278911564625,2.673469387755102,3.1062002189304057,12,2.673469387755102,1.4053506367907609,6,0.3457957251722593,0.1740083046205495,0.24345549738219896,1000,7.633587786259542,2.7261904761904763,6,1,1.0,0.4233621678946097,6,0.0,0.0,0.0,8,0.4580152671755725,0.6030534351145038,1.9595086481798467,6.0,0.366412213740458,0.45999309922643145,0.16869613351556176,0.2585409723047317,0.2387011898258224,4.494679023859481,0.5
[synthetic-mixed],graph_0307,44,125,0.0660676532769556,2.840909090909091,2.976752209877111,9,2.840909090909091,1.7702488502285596,10,0.2842674602813646,0.16789321789321787,0.26359832635983266,1000,8.0,2.6331923890063424,6,1,1.0,0.4627786790915588,5,0.0,0.0,0.0,8,0.464,0.552,1.9803765954171673,4.0,0.344,0.46561387183357006,0.183738390455024,0.2754126762094988,0.23891433984784885,4.506800283938757,0.5
[synthetic-mixed],graph_0308,44,116,0.0613107822410148,2.6363636363636362,2.837179369877679,10,2.6363636363636362,1.36666330712481,6,0.35195245261312014,0.15587720360447632,0.24347826086956523,1000,8.620689655172415,2.6479915433403804,6,1,1.0,0.45592868140849674,6,0.0,0.0,0.0,8,0.46551724137931033,0.603448275862069,1.9891221682735456,5.0,0.3706896551724138,0.4549131883746808,0.18643514125382155,0.2562842379937141,0.23368411754805396,4.41076168992302,0.5
[synthetic-mixed],graph_0309,41,130,0.07926829268292683,3.1707317073170733,3.319582981629089,10,3.1707317073170733,1.8065252865503616,6,0.45389551736538447,0.2042406103381713,0.3560606060606061,1000,7.6923076923076925,2.6865853658536585,7,1,1.0,0.4908076179110903,5,0.0,0.0,0.0,8,0.5461538461538461,0.5384615384615384,1.9191836591932623,5.0,0.3076923076923077,0.46136653181947596,0.19596110399230618,0.234229214812372,0.21803469279830548,4.537694117653938,0.5
[synthetic-mixed],graph_0310,42,116,0.06736353077816493,2.761904761904762,2.868627710824578,9,2.761904761904762,1.60073679180682,6,0.3943171731744998,0.17717309145880575,0.2861150070126227,1000,8.620689655172415,2.6643437862950057,6,1,1.0,0.38562854656430545,6,0.0,0.0,0.0,8,0.4224137931034483,0.5862068965517241,1.9393176273941748,5.0,0.35344827586206895,0.46517159427771837,0.196596734879463,0.25910068450515406,0.22255019367776835,4.450709884278155,0.5
[synthetic-mixed],graph_0311,50,148,0.060408163265306125,2.96,3.440697603684462,10,2.96,1.810635247641004,7,0.4257732156179046,0.14364069264069262,0.27796610169491526,1000,6.756756756756757,2.76,7,1,1.0,0.48914532811509165,6,0.0,0.0,0.0,8,0.581081081081081,0.6554054054054054,2.012442851676832,5.0,0.3310810810810811,0.43533343553896225,0.16298205520079428,0.24993684365099716,0.2399198028467466,4.629930752550889,0.5
[synthetic-mixed],graph_0312,44,121,0.06395348837209303,2.75,3.031088913245535,10,2.75,1.6804355496012444,8,0.22629080196267232,0.16755454141817777,0.24358974358974358,1000,8.264462809917354,2.6289640591966172,6,1,1.0,0.46796635246876256,6,0.0,0.0,0.0,8,0.6033057851239669,0.6859504132231405,1.9257691797559944,5.0,0.35537190082644626,0.3856076641323132,0.18647843992992683,0.26128723969701056,0.23130083330165113,4.450579523828228,0.5
[synthetic-mixed],graph_0313,39,121,0.0816464237516869,3.1025641025641026,3.144346752872704,11,3.1025641025641026,1.721580546830207,7,0.3872505430315414,0.19438752131059822,0.34394904458598724,1000,8.264462809917354,2.554655870445344,6,1,1.0,0.4742657151646557,5,0.0,0.0,0.0,7,0.5041322314049587,0.512396694214876,1.847550414156062,6.0,0.3140495867768595,0.4508370225832877,0.17202653441887358,0.24655622407857056,0.20441054085903845,4.538262683704524,0.5
[synthetic-mixed],graph_0314,47,122,0.056429232192414434,2.595744680851064,2.8258651431291897,8,2.595744680851064,1.4536758172373383,6,0.4834926091236992,0.10397132418409014,0.2445141065830721,1000,8.19672131147541,2.944495837187789,7,1,1.0,0.538545686963526,4,0.0,0.0,0.0,8,0.5081967213114754,0.5573770491803278,1.8660430219131432,5.0,0.3770491803278688,0.4237316303336591,0.17524613086568666,0.2771823246637111,0.22369483586570643,4.531788249346392,0.5
[synthetic-mixed],graph_0315,40,119,0.07628205128205129,2.975,3.5741257672331566,12,2.975,1.753389574509898,7,0.290909523937607,0.24728077478077476,0.3159947984395319,1000,8.403361344537815,2.7051282051282053,7,1,1.0,0.3882278326809341,6,0.0,0.0,0.0,8,0.5210084033613446,0.6218487394957983,1.9342054214446,5.0,0.3277310924369748,0.47146635512783863,0.2118681943612271,0.24218996011346308,0.21672445689153255,4.451725967504456,0.5
[synthetic-mixed],graph_0316,45,124,0.06262626262626263,2.7555555555555555,3.149289553432333,12,2.7555555555555555,1.6885964659122554,8,0.22291241396954042,0.18540422540422538,0.3050847457627119,1000,8.064516129032258,2.5797979797979798,5,1,1.0,0.48765959478847093,6,0.0,0.0,0.0,8,0.45161290322580644,0.5483870967741935,1.9271266998414762,6.0,0.3548387096774194,0.471067137444502,0.195402519454425,0.24361531288146768,0.23708166231462183,4.440936542428393,0.5
[synthetic-mixed],graph_0317,42,131,0.07607433217189315,3.119047619047619,3.2820027346291742,10,3.119047619047619,1.8021466162063104,7,0.3975631008035717,0.17759727045441331,0.36561479869423286,1000,7.633587786259542,2.5714285714285716,6,1,1.0,0.496652169230028,5,0.0,0.0,0.0,8,0.5343511450381679,0.5877862595419847,1.9529977356673502,5.0,0.31297709923664124,0.4565956143040723,0.20819553510218877,0.2624351559534977,0.2168149773821633,4.6172335911641476,0.5
[synthetic-mixed],graph_0318,41,125,0.07621951219512195,3.048780487804878,3.2230210000011703,10,3.048780487804878,1.8472289003669744,8,0.22922115215281264,0.2517949530144652,0.35046728971962615,1000,8.0,2.4829268292682927,5,1,1.0,0.4658372638328796,5,0.0,0.0,0.0,8,0.504,0.648,1.9730211128604256,4.0,0.32,0.45067439311047136,0.2011762991337768,0.22155927089510202,0.21677861351955857,4.454303252932788,0.5
[synthetic-mixed],graph_0319,51,139,0.05450980392156863,2.7254901960784315,3.2724544447617814,13,2.7254901960784315,1.314749381509036,6,0.3013090579728253,0.13320187437834496,0.20552486187845304,1000,7.194244604316546,2.6227450980392155,6,1,1.0,0.48965976532330985,8,0.0,0.0,0.0,8,0.5827338129496403,0.6762589928057554,1.977741494550738,5.0,0.3597122302158273,0.4134993666934072,0.1955040371419714,0.2638016438723485,0.24978676946114692,4.557545239034187,0.5
[synthetic-mixed],graph_0320,46,134,0.0647342995169082,2.9130434782608696,3.4060437776841543,11,2.9130434782608696,1.626226452979569,7,0.3223612236967729,0.1744691299039125,0.2568493150684932,1000,7.462686567164179,2.5120772946859904,5,1,1.0,0.41010399170767275,5,0.0,0.0,0.0,8,0.5522388059701493,0.6268656716417911,1.9843191019861162,5.0,0.3358208955223881,0.4209011843278029,0.18987550449291002,0.2608972813689893,0.22922698463980207,4.542656188245719,0.5
[synthetic-mixed],graph_0321,41,105,0.06402439024390244,2.5609756097560976,2.5283637868055115,8,2.5609756097560976,1.7256851659813395,7,0.296983955175796,0.19574788355276157,0.29131175468483816,1000,9.523809523809524,2.874390243902439,6,1,1.0,0.5486881078477399,5,0.0,0.0,0.0,8,0.5714285714285714,0.638095238095238,1.9837510043079936,6.0,0.38095238095238093,0.4325538798739271,0.20030962184024723,0.24425923641619227,0.22486771854929574,4.316680000450821,0.5
[synthetic-mixed],graph_0322,43,131,0.0725359911406423,3.046511627906977,3.490541960798831,14,3.046511627906977,1.711160198990433,7,0.22601196697065334,0.20743361365796387,0.3279742765273312,1000,7.633587786259542,2.471760797342193,5,1,1.0,0.4196244145763285,5,0.0,0.0,0.0,8,0.5114503816793893,0.6335877862595419,2.047729204374122,4.0,0.32061068702290074,0.4678916433438509,0.16777724809252598,0.24702941420931643,0.23049917812586737,4.49757661494608,0.5
[synthetic-mixed],graph_0323,38,102,0.07254623044096728,2.6842105263157894,2.696052310498042,9,2.6842105263157894,1.4161709523235484,6,0.20396692930394528,0.1531802992329308,0.24861878453038674,1000,9.803921568627452,2.6315789473684212,6,1,1.0,0.37364873097480544,6,0.0,0.0,0.0,8,0.5294117647058824,0.5784313725490197,1.9364365326033777,5.0,0.3627450980392157,0.46453808475825353,0.18052221926463338,0.25851935533467907,0.21893607500797463,4.325457126698389,0.5
[synthetic-mixed],graph_0324,45,137,0.0691919191919192,3.0444444444444443,3.412106260918975,13,3.0444444444444443,1.9431424212177046,9,0.3759168044934078,0.17305521638854973,0.2992874109263658,1000,7.299270072992701,2.6444444444444444,6,1,1.0,0.4718903816242622,6,0.0,0.0,0.0,8,0.5547445255474452,0.49635036496350365,1.8820607732258623,5.0,0.32116788321167883,0.4850304629893701,0.19223165860182975,0.2439485265854561,0.23488157005073818,4.532242511852897,0.5
[synthetic-mixed],graph_0325,42,121,0.070267131242741,2.880952380952381,3.0566273115219573,9,2.880952380952381,2.0024078476196143,8,0.4204829647941842,0.18228094656666086,0.3497191011235955,1000,8.264462809917354,2.6875725900116145,6,1,1.0,0.552782981888226,6,0.0,0.0,0.0,8,0.47107438016528924,0.5950413223140496,1.975575611423303,5.0,0.33884297520661155,0.40243399898954213,0.1889438094799451,0.23657993502481758,0.21505360664377943,4.512227496976843,0.5
[synthetic-mixed],graph_0326,45,136,0.06868686868686869,3.022222222222222,3.3828908668894346,11,3.022222222222222,1.9943129018830732,8,0.35534943466791813,0.16990577323910658,0.34513274336283184,1000,7.352941176470588,2.817171717171717,7,1,1.0,0.5146297987067245,5,0.0,0.0,0.0,8,0.5147058823529411,0.5882352941176471,1.9897658917438243,5.0,0.3235294117647059,0.46140626589092626,0.20313669642980492,0.2548140386844586,0.21652506198423951,4.587636565308191,0.5
[synthetic-mixed],graph_0327,48,139,0.06161347517730496,2.8958333333333335,3.4110090352986298,10,2.8958333333333335,1.4894012126429272,7,0.25363267646781734,0.1911798849298849,0.24573378839590443,1000,7.194244604316546,2.6648936170212765,6,1,1.0,0.4019697984187442,6,0.0,0.0,0.0,8,0.48201438848920863,0.6258992805755396,1.9335937643248067,5.0,0.3381294964028777,0.46623935042260123,0.18549186509686055,0.25351907196523604,0.23433485144984384,4.588344330283969,0.5
[synthetic-mixed],graph_0328,51,154,0.0603921568627451,3.019607843137255,3.670177620740122,12,3.019607843137255,1.5779136893122125,8,0.307022140763629,0.15843540990599814,0.2569882777276826,1000,6.4935064935064934,2.502745098039216,5,1,1.0,0.422179018996478,6,0.0,0.0,0.0,8,0.577922077922078,0.6233766233766234,1.967292433642294,5.0,0.3246753246753247,0.41235103768151493,0.18734343302278866,0.23874081974532402,0.21861742173656987,4.687536103276023,0.5
[synthetic-mixed],graph_0329,45,126,0.06363636363636363,2.8,3.124099870362662,10,2.8,1.758787461103056,7,0.29006807445119376,0.16764630431297098,0.28060522696011003,1000,7.936507936507937,2.8212121212121213,7,1,1.0,0.5485441104914582,5,0.0,0.0,0.0,8,0.5476190476190477,0.5476190476190477,1.9958851429512434,4.0,0.3492063492063492,0.45623863389031477,0.1984578742974223,0.24873645664633184,0.22207783652993388,4.4994298990257855,0.5
[synthetic-mixed],graph_0330,43,114,0.06312292358803986,2.6511627906976742,2.794377418951438,10,2.6511627906976742,1.5534465946199754,7,0.24944510573950812,0.14972133809343113,0.28,1000,8.771929824561404,2.830564784053156,6,1,1.0,0.5440134386864245,5,0.0,0.0,0.0,8,0.5263157894736842,0.6491228070175439,2.0260485605044174,5.0,0.3684210526315789,0.44308362842363974,0.19597902293609565,0.2575780241739998,0.21834503805403,4.430633688845438,0.5
[synthetic-mixed],graph_0331,50,131,0.053469387755102044,2.62,3.1169857234193423,11,2.62,1.560640893991952,7,0.3797434083240595,0.13665656565656564,0.24242424242424243,1000,7.633587786259542,2.7551020408163267,6,1,1.0,0.5099227418787954,6,0.0,0.0,0.0,8,0.45038167938931295,0.6106870229007634,1.9595568745387655,6.0,0.37404580152671757,0.43107122899994543,0.19071779313210516,0.27896376369303394,0.2508021276300684,4.559458918699658,0.5
[synthetic-mixed],graph_0332,47,127,0.05874190564292322,2.702127659574468,3.215090042860858,11,2.702127659574468,1.6620276467606219,8,0.28943247031959307,0.15922741561039433,0.2713178294573643,1000,7.874015748031496,2.6845513413506015,6,1,1.0,0.5056322900249984,5,0.0,0.0,0.0,8,0.5669291338582677,0.5669291338582677,1.9364033588792777,5.0,0.36220472440944884,0.4274111298107971,0.17000805056905985,0.2533502198514236,0.23643510284601663,4.52477723211187,0.5
[synthetic-mixed],graph_0333,41,105,0.06402439024390244,2.5609756097560976,2.5283637868055115,8,2.5609756097560976,1.4823972096607556,8,0.24377462358670476,0.1679755204145448,0.2625,1000,9.523809523809524,2.8024390243902437,6,1,1.0,0.5272811516769698,5,0.0,0.0,0.0,8,0.580952380952381,0.6095238095238096,1.8954673007898861,5.0,0.38095238095238093,0.42915198680936983,0.19122949600544575,0.27049189690953995,0.2414702328010306,4.320226603588404,0.5
[synthetic-mixed],graph_0334,46,129,0.06231884057971015,2.8043478260869565,3.1527735561578654,10,2.8043478260869565,1.8251809346567271,7,0.33205708535553874,0.15771945445858487,0.2926829268292683,1000,7.751937984496124,2.8357487922705316,7,1,1.0,0.5068351550819266,5,0.0,0.0,0.0,8,0.4806201550387597,0.49612403100775193,1.9121930706292005,5.0,0.3488372093023256,0.45353907687500084,0.18865026673664745,0.24798442181303543,0.22569097980238498,4.523897298101066,0.5
[synthetic-mixed],graph_0335,46,135,0.06521739130434782,2.9347826086956523,3.338850192044401,11,2.9347826086956523,1.6339093412272654,8,0.2846755416374185,0.15233413929066103,0.22966507177033493,1000,7.407407407407407,2.5516908212560385,5,1,1.0,0.43697079524384447,6,0.0,0.0,0.0,8,0.5925925925925926,0.6296296296296297,1.914805811546437,5.0,0.3333333333333333,0.45246578996248077,0.1863275019057977,0.25665327896737594,0.2420885267318791,4.542158131288135,0.5
[synthetic-mixed],graph_0336,42,126,0.07317073170731707,3.0,3.093772546815388,9,3.0,1.9639610121239315,8,0.4269017928809722,0.13501339929911357,0.297554347826087,1000,7.936507936507937,2.6898954703832754,6,1,1.0,0.47761131515461197,6,0.0,0.0,0.0,8,0.48412698412698413,0.6031746031746031,1.9940951745890332,5.0,0.3253968253968254,0.41646340101447277,0.1866495230449332,0.25515602928041564,0.22663385947088055,4.5406916825363375,0.5
[synthetic-mixed],graph_0337,46,138,0.06666666666666667,3.0,3.432580471839251,12,3.0,1.7569736827110218,7,0.2936509934853987,0.20811121245903855,0.3336643495531281,1000,7.246376811594203,2.6164251207729468,6,1,1.0,0.41808002866094285,6,0.0,0.0,0.0,8,0.572463768115942,0.6231884057971014,1.9710914344174375,4.0,0.32608695652173914,0.44002740765550924,0.16378516234028886,0.2514966012605561,0.2196008943486262,4.624963524818529,0.5
[synthetic-mixed],graph_0338,45,126,0.06363636363636363,2.8,3.1664912232101114,12,2.8,1.720465053408525,8,0.27016976955386635,0.12962802629469297,0.2401685393258427,1000,7.936507936507937,2.603030303030303,5,1,1.0,0.5423596380356739,5,0.0,0.0,0.0,8,0.4523809523809524,0.5396825396825397,2.0252936354778415,6.0,0.3492063492063492,0.44695905407409114,0.18339732041364606,0.24880275778843675,0.23686370466473292,4.45903139494849,0.5
[synthetic-mixed],graph_0339,46,137,0.06618357487922705,2.9782608695652173,3.4859290473633306,11,2.9782608695652173,1.6217158175268056,7,0.3750257577143142,0.1643068284372632,0.2629757785467128,1000,7.299270072992701,2.655072463768116,5,1,1.0,0.4718735066933888,5,0.0,0.0,0.0,8,0.5766423357664233,0.5547445255474452,1.931714977915147,5.0,0.3284671532846715,0.4560283022660076,0.17770828014458936,0.2529179454313369,0.23084629646059393,4.596808253866251,0.5
[synthetic-mixed],graph_0340,42,127,0.07375145180023229,3.0238095238095237,3.2255534426417225,10,3.0238095238095237,1.8450460729580356,8,0.2683540159926971,0.22523957523957522,0.3694412770809578,1000,7.874015748031496,2.5772357723577235,6,1,1.0,0.43813216810579736,5,0.0,0.0,0.0,8,0.5511811023622047,0.5748031496062992,1.9642342056686772,5.0,0.3228346456692913,0.47075495320146965,0.19911218135622089,0.24549964813057976,0.23190444818004977,4.4679317148309305,0.5
[synthetic-mixed],graph_0341,43,124,0.06866002214839424,2.883720930232558,3.1930833849925397,10,2.883720930232558,1.8703227221286605,8,0.33915797705240025,0.12688009664753852,0.2972560975609756,1000,8.064516129032258,2.7497231450719823,7,1,1.0,0.4560168171630075,6,0.0,0.0,0.0,7,0.5887096774193549,0.5725806451612904,1.8117969658420892,6.0,0.3387096774193548,0.4527170511372775,0.19072765758801233,0.26003415232778215,0.22417396100013667,4.502295844003813,0.5
[synthetic-mixed],graph_0342,42,119,0.06910569105691057,2.8333333333333335,3.1389766808905417,10,2.8333333333333335,1.9262184352553218,8,0.183172955577569,0.2047744583458869,0.3151432469304229,1000,8.403361344537815,2.6631823461091755,6,1,1.0,0.525384126069936,5,0.0,0.0,0.0,8,0.5462184873949579,0.5882352941176471,1.9534240467467106,5.0,0.3445378151260504,0.4455838425087934,0.18136371351459482,0.2564495701502801,0.22088828737078878,4.46593946296692,0.5
[synthetic-mixed],graph_0343,47,139,0.06429232192414432,2.9574468085106385,3.439182527859872,12,2.9574468085106385,1.7129972091804548,9,0.28866250644372615,0.19603245454309284,0.32063492063492066,1000,7.194244604316546,2.5504162812210915,6,1,1.0,0.42372238989874156,5,0.0,0.0,0.0,7,0.60431654676259,0.5827338129496403,1.7954717125714077,5.0,0.33093525179856115,0.46533214420042035,0.18623305420074546,0.25950693371715006,0.24381583408876126,4.549693862889976,0.5
[synthetic-mixed],graph_0344,48,137,0.060726950354609927,2.8541666666666665,3.2531368408899675,11,2.8541666666666665,1.5941244113584387,7,0.409644242757501,0.1710952242202242,0.2727272727272727,1000,7.299270072992701,2.7145390070921986,6,1,1.0,0.5030415591878254,7,0.0,0.0,0.0,8,0.48175182481751827,0.5547445255474452,1.9706531718120197,5.0,0.34306569343065696,0.40874724942579227,0.19449583161475698,0.24844743562033664,0.23952372163517324,4.515466184614572,0.5
[synthetic-mixed],graph_0345,42,118,0.06852497096399536,2.8095238095238093,2.993947030403457,10,2.8095238095238093,1.5922146187905226,7,0.22020743770696125,0.16298014155157012,0.29178082191780824,1000,8.474576271186441,2.5284552845528454,5,1,1.0,0.4346262533067444,5,0.0,0.0,0.0,8,0.5508474576271186,0.6186440677966102,1.9912252252378244,5.0,0.3474576271186441,0.4497816600184218,0.17493177361685702,0.23259248549398356,0.23147669698781945,4.383116941485677,0.5
[synthetic-mixed],graph_0346,42,127,0.07375145180023229,3.0238095238095237,3.369951923057482,11,3.0238095238095237,1.9698694087498148,8,0.24868230195337668,0.17968420468420468,0.2896039603960396,1000,7.874015748031496,2.6957026713124272,7,1,1.0,0.48859157812569476,5,0.0,0.0,0.0,8,0.41732283464566927,0.5669291338582677,1.9792981829332326,8.0,0.3228346456692913,0.4453669630034513,0.17849095667168166,0.2521509823118547,0.21335603760058558,4.559503284380478,0.5
[synthetic-mixed],graph_0347,43,123,0.0681063122923588,2.86046511627907,3.137036042589256,10,2.86046511627907,1.7597752941760572,7,0.3564415256272535,0.19713852039433435,0.34494773519163763,1000,8.130081300813009,2.679955703211517,6,1,1.0,0.4113849078219033,5,0.0,0.0,0.0,8,0.5284552845528455,0.5528455284552846,1.9746037860825867,4.0,0.34146341463414637,0.42547722300143587,0.17621537825635628,0.2485973341051357,0.21441080304553609,4.501843369174856,0.5
[synthetic-mixed],graph_0348,46,136,0.06570048309178744,2.9565217391304346,3.3424575815274036,11,2.9565217391304346,1.82918991025762,7,0.32173384539410776,0.17644131231087753,0.2986111111111111,1000,7.352941176470588,2.7140096618357488,6,1,1.0,0.5672805110756478,6,0.0,0.0,0.0,8,0.49264705882352944,0.6029411764705882,1.9563176051308813,6.0,0.33088235294117646,0.4501281138777467,0.18562580408532667,0.253924005262861,0.22566952667921245,4.610535403981377,0.5
[synthetic-mixed],graph_0349,48,133,0.05895390070921986,2.7708333333333335,3.1040268424884614,9,2.7708333333333335,1.6232629604869597,7,0.3259325691077707,0.15723003848003847,0.31022727272727274,1000,7.518796992481203,2.7375886524822697,6,1,1.0,0.525187732818174,5,0.0,0.0,0.0,8,0.48120300751879697,0.5864661654135338,1.9350984231375203,6.0,0.3533834586466165,0.44121135787797033,0.1736980878734986,0.2573103174187408,0.2319717397970165,4.553519808138472,0.5
[synthetic-mixed],graph_0350,43,131,0.0725359911406423,3.046511627906977,3.5695969961581193,17,3.046511627906977,1.8166348697150982,8,0.21304574876841836,0.20187268272083594,0.32616487455197135,1000,7.633587786259542,2.575858250276855,6,1,1.0,0.4839620818898794,5,0.0,0.0,0.0,8,0.5190839694656488,0.5648854961832062,1.9425004293729444,5.0,0.32061068702290074,0.42144771755093813,0.19213874626662752,0.24395425281278083,0.22438373339732903,4.545781061348214,0.5
[synthetic-mixed],graph_0351,41,112,0.06829268292682927,2.731707317073171,3.04458247563144,11,2.731707317073171,1.9757603074223056,12,0.11972992037922502,0.19644962083986472,0.2981072555205047,1000,8.928571428571429,2.817073170731707,7,1,1.0,0.4996648374709757,5,0.0,0.0,0.0,8,0.5178571428571429,0.5357142857142857,1.996466764644192,5.0,0.35714285714285715,0.48832182817384256,0.16315286104984,0.2659177106491331,0.23270412306025431,4.419108902264434,0.5
[synthetic-mixed],graph_0352,46,126,0.06086956521739131,2.739130434782609,2.9886363227972867,10,2.739130434782609,1.3259087549545134,6,0.3107084877446658,0.18346979107848674,0.2795969773299748,1000,7.936507936507937,2.597101449275362,6,1,1.0,0.4692463580247481,5,0.0,0.0,0.0,8,0.5,0.6507936507936508,2.0026917357257297,5.0,0.35714285714285715,0.46970473717445294,0.16868029064959672,0.2453629693591811,0.22934451231137926,4.512534485759764,0.5
[synthetic-mixed],graph_0353,49,133,0.05654761904761905,2.7142857142857144,3.0639443699324596,10,2.7142857142857144,1.7956864414252194,8,0.42653024531312395,0.1555803606824015,0.3248175182481752,1000,7.518796992481203,2.91921768707483,6,1,1.0,0.5034742942834619,6,0.0,0.0,0.0,8,0.44360902255639095,0.5789473684210527,1.9834041167800167,5.0,0.3609022556390977,0.4618130071964577,0.18432460964984035,0.28006375504171954,0.24515726516260186,4.561248763865933,0.5
[synthetic-mixed],graph_0354,42,139,0.08072009291521487,3.3095238095238093,3.602169288465832,11,3.3095238095238093,1.7926848080077207,9,0.3007910938371626,0.15409894338465766,0.2974413646055437,1000,7.194244604316546,2.4111498257839723,5,1,1.0,0.405550107956743,4,0.0,0.0,0.0,8,0.5539568345323741,0.5467625899280576,1.9056200464928172,4.0,0.2949640287769784,0.46786234246797964,0.18978879494863274,0.22315788821089025,0.19652136050797295,4.595634625460008,0.5
[synthetic-mixed],graph_0355,47,128,0.05920444033302498,2.723404255319149,2.9729427190993305,10,2.723404255319149,1.3321256036168958,6,0.4131972519196025,0.17738939547450186,0.22178988326848248,1000,7.8125,2.717853839037928,6,1,1.0,0.48973628419622983,6,0.0,0.0,0.0,8,0.5234375,0.6015625,1.908103915614121,6.0,0.359375,0.42308394385177817,0.17973749251389928,0.25898401901814255,0.23544198841953745,4.528515990489695,0.5
[synthetic-mixed],graph_0356,45,118,0.0595959595959596,2.6222222222222222,2.961147592020431,10,2.6222222222222222,1.7034460352654934,7,0.318176142842387,0.1416247949581283,0.2818181818181818,1000,8.474576271186441,2.867676767676768,6,1,1.0,0.46046364312397603,5,0.0,0.0,0.0,7,0.5847457627118644,0.6271186440677966,1.8342371961846913,5.0,0.3728813559322034,0.41759300856811105,0.18212685749232144,0.2624455475427823,0.22882410338544723,4.434550967744955,0.5
[synthetic-mixed],graph_0357,46,122,0.05893719806763285,2.652173913043478,2.90589648895773,9,2.652173913043478,1.6447200277719773,7,0.4532743976726832,0.17478982370286716,0.3722304283604136,1000,8.19672131147541,3.0106280193236716,7,1,1.0,0.5232729038807903,5,0.0,0.0,0.0,8,0.5491803278688525,0.6065573770491803,1.965798509682826,6.0,0.36885245901639346,0.4624873659842162,0.19604388409298965,0.26020806900041077,0.2237630188043787,4.497662002461553,0.5
[synthetic-mixed],graph_0358,48,126,0.05585106382978723,2.625,2.912795049432761,9,2.625,1.4086784586980805,7,0.33085341787375344,0.1392240860990861,0.20149253731343283,1000,7.936507936507937,2.6861702127659575,5,1,1.0,0.4194457860324239,6,0.0,0.0,0.0,8,0.42857142857142855,0.626984126984127,1.9846499250327674,4.0,0.373015873015873,0.4536063658870697,0.15683754325106947,0.26268563997432837,0.24274601839944798,4.486139651055062,0.5
[synthetic-mixed],graph_0359,44,120,0.06342494714587738,2.727272727272727,2.9183092580499133,9,2.727272727272727,1.5427784316797402,6,0.3324465168183843,0.2043626827717737,0.30076142131979694,1000,8.333333333333334,2.7473572938689217,6,1,1.0,0.5180681521621556,5,0.0,0.0,0.0,8,0.5916666666666667,0.6083333333333333,1.927936853327406,5.0,0.35833333333333334,0.44265364996860723,0.17241640784379378,0.25954390970414143,0.25269730686376596,4.416935193335936,0.5
[synthetic-mixed],graph_0360,45,116,0.05858585858585859,2.577777777777778,2.8479145499734746,10,2.577777777777778,1.3902659839659604,6,0.406910219751232,0.1374587141253808,0.29954614220877457,1000,8.620689655172415,2.7555555555555555,6,1,1.0,0.48934506332346567,6,0.0,0.0,0.0,8,0.5086206896551724,0.6724137931034483,1.997316960045842,7.0,0.3793103448275862,0.48761322939185037,0.17714926897300387,0.2514211161321164,0.2121132084467454,4.442950742154831,0.5
[synthetic-mixed],graph_0361,45,120,0.06060606060606061,2.6666666666666665,2.9439202887759492,11,2.6666666666666665,1.577621275493231,7,0.30729072837023064,0.16679012345679012,0.2895104895104895,1000,8.333333333333334,2.7636363636363637,6,1,1.0,0.5347066068584567,6,0.0,0.0,0.0,8,0.4166666666666667,0.6583333333333333,1.8897951993671471,5.0,0.36666666666666664,0.4140928065238716,0.17990247497987977,0.27457291465514555,0.2536535996447668,4.4151221373105765,0.5
[synthetic-mixed],graph_0362,48,132,0.05851063829787234,2.75,3.2242570203588508,11,2.75,1.9094065395649333,9,0.40973576153456076,0.1673849298849299,0.3284671532846715,1000,7.575757575757576,2.858156028368794,7,1,1.0,0.6185479997501422,6,0.0,0.0,0.0,8,0.3712121212121212,0.5984848484848485,1.935284786268849,5.0,0.3560606060606061,0.4455908301607985,0.18162849738392822,0.26493428925947704,0.2365424931989731,4.544351313208018,0.5
[synthetic-mixed],graph_0363,48,141,0.0625,2.9375,3.4725485957722753,13,2.9375,1.9083833690674767,8,0.43469703984439784,0.16604656917156915,0.3422174840085288,1000,7.092198581560283,2.882978723404255,7,1,1.0,0.526610573218865,6,0.0,0.0,0.0,8,0.5390070921985816,0.5957446808510638,1.9705137620252398,5.0,0.3333333333333333,0.48208325099367405,0.17090356917980626,0.2632500784818068,0.2341697337255327,4.6261852614890255,0.5
[synthetic-mixed],graph_0364,47,133,0.061517113783533764,2.8297872340425534,3.2896947341801104,11,2.8297872340425534,1.7298277978023697,7,0.3383179143825167,0.17610380163571654,0.2724097788125728,1000,7.518796992481203,2.6753006475485663,6,1,1.0,0.47291031454922816,4,0.0,0.0,0.0,7,0.5639097744360902,0.6090225563909775,1.8846013883701414,5.0,0.3458646616541353,0.43107656475135,0.18831746473445546,0.2502748649910817,0.23818241176160077,4.4902867752748925,0.5
[synthetic-mixed],graph_0365,44,123,0.06501057082452431,2.7954545454545454,3.313742360195202,11,2.7954545454545454,1.889919977316806,7,0.2547933521768522,0.19597422779240958,0.2647058823529412,1000,8.130081300813009,2.6543340380549685,6,1,1.0,0.508737292332115,6,0.0,0.0,0.0,8,0.5040650406504065,0.6016260162601627,1.9672094534340219,6.0,0.34959349593495936,0.4742391281000533,0.1726872011743474,0.253714628358312,0.2299903395665103,4.469607059315033,0.5
[synthetic-mixed],graph_0366,48,133,0.05895390070921986,2.7708333333333335,3.150658551089844,11,2.7708333333333335,1.7349301538934898,7,0.37816793012752387,0.18712364024864026,0.3014354066985646,1000,7.518796992481203,2.8324468085106385,7,1,1.0,0.5065874359025361,5,0.0,0.0,0.0,8,0.5037593984962406,0.6466165413533834,1.9064036537455178,6.0,0.3533834586466165,0.4758435937622356,0.1778866410107675,0.26363006839614456,0.2390448066430392,4.528683028088055,0.5
[synthetic-mixed],graph_0367,44,123,0.06501057082452431,2.7954545454545454,3.1448337537687068,10,2.7954545454545454,1.673042213434522,9,0.19456633976142876,0.13554538895447987,0.2198473282442748,1000,8.130081300813009,2.5824524312896404,5,1,1.0,0.4738245584767777,5,0.0,0.0,0.0,8,0.4634146341463415,0.6422764227642277,1.96082923349547,5.0,0.34959349593495936,0.44834082466056363,0.17186255575013956,0.24665610864288312,0.2325918574099922,4.453220073440336,0.5
[synthetic-mixed],graph_0368,52,154,0.058069381598793365,2.9615384615384617,3.8177799552858263,13,2.9615384615384617,1.5561483326264547,7,0.2887802383347138,0.15826822749899674,0.246,1000,6.4935064935064934,2.582956259426848,6,1,1.0,0.5019513541643239,6,0.0,0.0,0.0,8,0.43506493506493504,0.6038961038961039,1.908133840179608,5.0,0.33116883116883117,0.4187710763854332,0.17536056353862797,0.25462607285856825,0.24348390909867823,4.665338524410912,0.5
[synthetic-mixed],graph_0369,40,123,0.07884615384615384,3.075,3.2045865567963676,11,3.075,1.8355857375780626,7,0.28490646870290154,0.2135751748251748,0.36533957845433257,1000,8.130081300813009,2.528205128205128,6,1,1.0,0.4665348115698946,6,0.0,0.0,0.0,8,0.4634146341463415,0.5447154471544715,1.9635514277998252,5.0,0.3170731707317073,0.393458214354471,0.18650600797438138,0.24374997236592713,0.2058028386766006,4.519510032139194,0.5
[synthetic-mixed],graph_0370,46,130,0.06280193236714976,2.8260869565217392,3.101923301171647,10,2.8260869565217392,1.4789001175386913,8,0.25406889025867024,0.1656843156843157,0.22448979591836735,1000,7.6923076923076925,2.570048309178744,6,1,1.0,0.3962122225490637,6,0.0,0.0,0.0,8,0.5230769230769231,0.5692307692307692,1.9570125253382247,4.0,0.34615384615384615,0.3923124942511353,0.16828770485382236,0.25207119821741203,0.23926090682876394,4.518226202701153,0.5
[synthetic-mixed],graph_0371,41,124,0.07560975609756097,3.024390243902439,3.1037962976757663,10,3.024390243902439,1.7318790708367544,7,0.3567435849919942,0.22902422780471562,0.34444444444444444,1000,8.064516129032258,2.524390243902439,6,1,1.0,0.41640107975839524,6,0.0,0.0,0.0,8,0.6129032258064516,0.5564516129032258,1.976560981344556,6.0,0.3225806451612903,0.4326672989138961,0.20284741429190026,0.24155204429335483,0.22742288280240794,4.438767522079366,0.5
[synthetic-mixed],graph_0372,44,130,0.06871035940803383,2.9545454545454546,3.476901346775115,13,2.9545454545454546,1.795886024103492,7,0.1841304732462243,0.16108632529087075,0.30716723549488056,1000,7.6923076923076925,2.7758985200845667,7,1,1.0,0.5185654967698171,5,0.0,0.0,0.0,8,0.5846153846153846,0.6,1.9058349188114487,5.0,0.33076923076923076,0.4633334833585835,0.2027681290671846,0.24893264658405953,0.22565098675178968,4.530185306223211,0.5
[synthetic-mixed],graph_0373,38,112,0.07965860597439545,2.9473684210526314,3.161839641236966,10,2.9473684210526314,1.6213601895525644,8,0.17378007156442055,0.17027168737695053,0.2847025495750708,1000,8.928571428571429,2.4167852062588904,5,1,1.0,0.35363117160453467,5,0.0,0.0,0.0,8,0.5357142857142857,0.5714285714285714,2.0175781841584683,5.0,0.33035714285714285,0.46811362516787297,0.17670397824604636,0.2501264486761664,0.22976791372039004,4.350357330900578,0.5
[synthetic-mixed],graph_0374,44,134,0.0708245243128964,3.0454545454545454,3.43083971602067,13,3.0454545454545454,1.858084857815427,7,0.37043266731186425,0.2085994590673735,0.3423529411764706,1000,7.462686567164179,2.6289640591966172,7,1,1.0,0.49601864703642934,6,0.0,0.0,0.0,8,0.5671641791044776,0.582089552238806,1.9319186480411954,6.0,0.3208955223880597,0.44948482243030735,0.16753003584990875,0.24647029528999267,0.22249661913075985,4.575724946509806,0.5
The capital of France is,graph_0000,150,8475,0.37919463087248323,56.5,51.9092477310161,140,56.5,30.381299072510597,105,-0.4360093817624622,0.8394507442903483,0.8222034734402406,0,0.0,1.2416107382550337,2,1,1.0,0.0910240085275485,2,0.0,0.0,0.0,27,0.9384070796460177,0.0,3.1867088284073017,106.466796875,0.017581120943952804,2.4797623697916666,3.4543983422594575,0.3581044713163798,1.8105785507194427,8.090227230751317,
The largest planet in our solar system is,graph_0001,161,9020,0.3501552795031056,56.024844720496894,57.2760505498659,151,56.024844720496894,28.41199779608446,102,-0.4262040024015857,0.8209320682550383,0.7768742845599623,0,0.0,1.299689440993789,2,1,1.0,0.09149979503374137,3,0.0,0.0,0.0,27,0.9443458980044346,0.0,3.2025197929621365,142.3408203125,0.017738359201773836,2.10745864773389,2.9829985293609993,0.31762114726254786,1.860904426826066,8.160490232337997,
Water boils at 100 degrees,graph_0002,164,7692,0.2877450246895107,46.90243902439025,54.6339503480805,154,46.90243902439025,24.726854048267665,98,-0.452178436914728,0.7456002771279716,0.6704212085478444,0,0.0,1.4245099506209786,2,1,1.0,0.26113121240124904,2,0.0,0.0,0.0,27,0.9391575663026521,0.0,3.1649591978037153,183.796875,0.021190847633905358,1.3169001137338034,1.6768003661499398,0.49089579577874964,2.47142954648705,7.956218801510582,
The speed of light is approximately 300000,graph_0003,200,13680,0.3437185929648241,68.4,69.34385336855746,192,68.4,36.196823065014975,127,-0.44710403068228255,0.7930861450761485,0.7586342940306621,0,0.0,1.3125628140703518,2,1,1.0,0.08976401138021659,2,0.0,0.0,0.0,27,0.9082602339181286,0.0,3.0198500520459355,253.1435546875,0.014546783625730994,2.089513854980469,2.9737357132062185,0.3339296746236539,2.2750550623378487,8.534285665878636,
Shakespeare was born in Stratford,graph_0004,126,5622,0.35695238095238097,44.61904761904762,44.01927015665658,120,44.61904761904762,23.47063587334863,86,-0.4369887995795081,0.823522521083525,0.7920210029494205,0,0.0,1.2860952380952382,2,1,1.0,0.07083151210992589,2,0.0,0.0,0.0,27,0.9299181785841337,0.0,3.075633341555429,143.3663330078125,0.02223408039843472,1.4546179392981151,1.910703366000209,0.36814820571371515,2.4902234225690982,7.6553749354238105,
"If all cats are animals and all animals breathe, then all cats",graph_0005,196,11588,0.3031920460491889,59.12244897959184,70.05737667551905,187,59.12244897959184,28.439970904044664,109,-0.4376653539432413,0.781850735181365,0.6923885496254594,0,0.0,1.3936159079016222,2,1,1.0,0.08308891001815036,2,0.0,0.0,0.0,27,0.9425267518122196,0.0,3.161159260185949,169.60964965820312,0.016827752847773558,1.610431904695472,2.6292548862462883,0.24773788510786077,2.236398471008354,8.264380119585553,
"If it takes 5 machines 5 minutes to make 5 widgets, then 100 machines would take",graph_0006,282,25248,0.3186189142121602,89.53191489361703,103.7771106639206,272,89.53191489361703,41.236999359693215,164,-0.39884214768123744,0.7994485442979115,0.7101498719626244,0,0.0,1.3627621715756795,2,1,1.0,0.12112276862263202,2,0.0,0.0,0.0,27,0.9380148922686945,0.0,3.0905318239484036,122.0,0.01112959442332066,2.0286503785045435,2.9677943653662937,0.15486654995483817,1.5204877047020937,9.094576536408514,
"If yesterday was Monday, then the day after tomorrow will be",graph_0007,167,8483,0.30600245292547434,50.796407185628745,58.97726537745762,157,50.796407185628745,25.322007403599983,104,-0.4755405666009219,0.8058289602084503,0.7168416035272037,0,0.0,1.3879950941490513,2,1,1.0,0.22804024600398243,2,0.0,0.0,0.0,27,0.9434162442532124,0.0,3.1106339741085707,155.7958984375,0.019568548862430743,2.2489057529472305,3.2995990051473374,0.3834560320482183,2.460859923621579,7.958505351343596,
A bat and ball cost $1.10. The bat costs $1 more than the ball. The ball costs,graph_0008,291,27418,0.3248963147292333,94.21993127147766,103.64391731245769,281,94.21993127147766,46.62395901931164,171,-0.41235763518478435,0.783307924559187,0.7244883876161251,0,0.0,1.3502073705415334,2,1,1.0,0.10642540235025963,3,0.0,0.0,0.0,27,0.9308848201911153,0.0,3.1143674437024274,174.36328125,0.010576993216135385,1.6462465266591495,2.7398610644880828,0.17096021810126813,1.7091611699322433,9.26482881779369,
If you rearrange the letters CIFAIPC you get the word,graph_0009,219,16635,0.3484353399522433,75.95890410958904,79.47535243370187,209,75.95890410958904,37.154043772677525,130,-0.39612523500475305,0.81561432019846,0.761276183789949,0,0.0,1.3031293200955134,2,1,1.0,0.1278906282401036,2,0.0,0.0,0.0,27,0.9400060114217013,0.0,3.16874857270384,183.015625,0.013104899308686505,1.7475480031749429,3.294088811002738,0.24557560601498152,1.7372439022228137,8.826438204790616,
